timestamp;P_ex;P_pr;P_load
2026-09-09T00:00:07Z;;0;253
2026-09-09T00:00:10Z;236;;236
2026-09-09T00:15:07Z;;0;236
2026-09-09T00:15:10Z;138;;138
2026-09-09T00:30:07Z;;0;138
2026-09-09T00:30:10Z;112;;112
2026-09-09T00:45:07Z;;0;112
2026-09-09T00:45:12Z;112;;112
2026-09-09T01:00:07Z;;0;112
2026-09-09T01:00:10Z;112;;112
2026-09-09T01:07:40Z;473;;473
2026-09-09T01:07:41Z;246;;246
2026-09-09T01:15:07Z;;0;246
2026-09-09T01:15:10Z;238;;238
2026-09-09T01:30:07Z;;0;238
2026-09-09T01:30:10Z;234;;234
2026-09-09T01:45:07Z;;0;234
2026-09-09T01:45:12Z;112;;112
2026-09-09T02:00:07Z;;0;112
2026-09-09T02:00:10Z;113;;113
2026-09-09T02:15:07Z;;0;113
2026-09-09T02:15:10Z;119;;119
2026-09-09T02:30:07Z;;0;119
2026-09-09T02:30:10Z;236;;236
2026-09-09T02:45:07Z;;0;236
2026-09-09T02:45:10Z;235;;235
2026-09-09T03:00:07Z;;0;235
2026-09-09T03:00:10Z;113;;113
2026-09-09T03:15:07Z;;0;113
2026-09-09T03:15:10Z;112;;112
2026-09-09T03:30:07Z;;0;112
2026-09-09T03:30:10Z;113;;113
2026-09-09T03:45:07Z;;0;113
2026-09-09T03:45:10Z;111;;111
2026-09-09T03:46:36Z;1536;;1536
2026-09-09T03:46:37Z;256;;256
2026-09-09T04:00:07Z;;0;256
2026-09-09T04:00:10Z;238;;238
2026-09-09T04:15:07Z;;0;238
2026-09-09T04:15:10Z;142;;142
2026-09-09T04:23:27Z;305;;305
2026-09-09T04:23:28Z;292;;292
2026-09-09T04:26:57Z;330;;330
2026-09-09T04:26:58Z;193;;193
2026-09-09T04:27:08Z;430;;430
2026-09-09T04:27:28Z;135;;135
2026-09-09T04:28:16Z;386;;386
2026-09-09T04:28:37Z;115;;115
2026-09-09T04:30:07Z;;0;115
2026-09-09T04:30:10Z;114;;114
2026-09-09T04:43:24Z;;7;121
2026-09-09T04:43:26Z;;0;114
2026-09-09T04:43:48Z;;1;115
2026-09-09T04:43:49Z;;0;114
2026-09-09T04:43:57Z;;1;115
2026-09-09T04:43:58Z;;0;114
2026-09-09T04:44:00Z;;1;115
2026-09-09T04:44:15Z;;0;114
2026-09-09T04:44:17Z;;2;116
2026-09-09T04:45:07Z;;2;116
2026-09-09T04:45:10Z;115;;117
2026-09-09T04:48:49Z;;0;115
2026-09-09T04:48:50Z;;11;126
2026-09-09T04:48:52Z;;0;115
2026-09-09T04:48:54Z;;18;133
2026-09-09T04:59:17Z;;436;551
2026-09-09T04:59:19Z;;96;211
2026-09-09T05:00:07Z;;102;217
2026-09-09T05:00:10Z;6;;108
2026-09-09T05:00:38Z;0;;102
2026-09-09T05:00:39Z;1;;103
2026-09-09T05:00:45Z;0;;102
2026-09-09T05:00:51Z;0;;102
2026-09-09T05:00:54Z;0;;102
2026-09-09T05:01:01Z;1;;103
2026-09-09T05:01:03Z;1;;103
2026-09-09T05:01:07Z;1;;103
2026-09-09T05:01:22Z;0;;102
2026-09-09T05:01:24Z;0;;102
2026-09-09T05:06:30Z;2017;;2119
2026-09-09T05:06:31Z;106;;208
2026-09-09T05:10:00Z;431;;533
2026-09-09T05:10:01Z;48;;150
2026-09-09T05:11:00Z;42;;144
2026-09-09T05:11:53Z;7;;109
2026-09-09T05:12:02Z;-7;;95
2026-09-09T05:12:10Z;2;;104
2026-09-09T05:12:13Z;46;;148
2026-09-09T05:14:04Z;82;;184
2026-09-09T05:14:06Z;-7;;95
2026-09-09T05:14:22Z;34;;136
2026-09-09T05:14:51Z;20;;122
2026-09-09T05:14:53Z;2;;104
2026-09-09T05:15:06Z;15;;117
2026-09-09T05:15:07Z;;240;255
2026-09-09T05:15:10Z;-34;;206
2026-09-09T05:18:50Z;30;;270
2026-09-09T05:19:49Z;;300;330
2026-09-09T05:19:51Z;;293;323
2026-09-09T05:19:53Z;;300;330
2026-09-09T05:19:54Z;;298;328
2026-09-09T05:19:56Z;;301;331
2026-09-09T05:19:58Z;;294;324
2026-09-09T05:20:04Z;;302;332
2026-09-09T05:20:06Z;;297;327
2026-09-09T05:20:14Z;;506;536
2026-09-09T05:20:16Z;;297;327
2026-09-09T05:20:18Z;;302;332
2026-09-09T05:20:19Z;;299;329
2026-09-09T05:20:27Z;;304;334
2026-09-09T05:20:30Z;;299;329
2026-09-09T05:20:34Z;;300;330
2026-09-09T05:20:41Z;;294;324
2026-09-09T05:20:43Z;;300;330
2026-09-09T05:20:48Z;13;;313
2026-09-09T05:20:49Z;-140;;160
2026-09-09T05:20:53Z;;296;156
2026-09-09T05:20:56Z;;303;163
2026-09-09T05:21:03Z;;296;156
2026-09-09T05:21:05Z;;302;162
2026-09-09T05:21:13Z;;298;158
2026-09-09T05:21:15Z;;304;164
2026-09-09T05:21:26Z;;299;159
2026-09-09T05:21:28Z;;306;166
2026-09-09T05:22:01Z;;294;154
2026-09-09T05:22:06Z;;310;170
2026-09-09T05:30:07Z;;401;261
2026-09-09T05:30:10Z;-245;;156
2026-09-09T05:30:23Z;36;;437
2026-09-09T05:32:30Z;-272;;129
2026-09-09T05:33:44Z;-112;;289
2026-09-09T05:33:45Z;-406;;-5
2026-09-09T05:35:51Z;;212;-194
2026-09-09T05:35:52Z;;467;61
2026-09-09T05:36:18Z;;211;-195
2026-09-09T05:36:20Z;;471;65
2026-09-09T05:40:38Z;-472;;-1
2026-09-09T05:40:40Z;-482;;-11
2026-09-09T05:45:07Z;;582;100
2026-09-09T05:45:10Z;-550;;32
2026-09-09T05:45:25Z;;602;52
2026-09-09T05:45:27Z;;596;46
2026-09-09T05:45:29Z;;604;54
2026-09-09T05:45:31Z;;598;48
2026-09-09T05:45:36Z;;600;50
2026-09-09T05:45:38Z;;599;49
2026-09-09T05:45:40Z;;607;57
2026-09-09T05:45:43Z;;591;41
2026-09-09T05:45:45Z;;601;51
2026-09-09T05:45:49Z;;598;48
2026-09-09T05:45:50Z;;601;51
2026-09-09T05:45:53Z;;595;45
2026-09-09T05:45:55Z;;604;54
2026-09-09T05:47:41Z;-595;;9
2026-09-09T05:47:44Z;-590;;14
2026-09-09T05:47:59Z;-594;;10
2026-09-09T05:48:01Z;-600;;4
2026-09-09T05:48:03Z;-595;;9
2026-09-09T05:48:05Z;-601;;3
2026-09-09T05:48:07Z;-593;;11
2026-09-09T05:48:09Z;-601;;3
2026-09-09T05:48:17Z;-598;;6
2026-09-09T05:48:19Z;-604;;0
2026-09-09T05:48:27Z;-597;;7
2026-09-09T05:48:30Z;-600;;4
2026-09-09T05:48:31Z;-599;;5
2026-09-09T05:48:39Z;-602;;2
2026-09-09T05:48:40Z;-257;;347
2026-09-09T05:48:42Z;-602;;2
2026-09-09T05:48:45Z;-594;;10
2026-09-09T05:48:46Z;-601;;3
2026-09-09T05:48:55Z;-595;;9
2026-09-09T05:48:56Z;-604;;0
2026-09-09T05:48:57Z;-612;;-8
2026-09-09T05:49:14Z;-610;;-6
2026-09-09T05:49:15Z;-559;;45
2026-09-09T05:50:09Z;-625;;-21
2026-09-09T05:50:11Z;-629;;-25
2026-09-09T05:50:47Z;;540;-89
2026-09-09T05:50:49Z;;665;36
2026-09-09T05:50:51Z;-434;;231
2026-09-09T05:50:52Z;-628;;37
2026-09-09T05:50:53Z;-290;;375
2026-09-09T05:50:54Z;-628;;37
2026-09-09T05:51:15Z;;229;-399
2026-09-09T05:51:17Z;;690;62
2026-09-09T06:00:07Z;;800;172
2026-09-09T06:00:10Z;-749;;51
2026-09-09T06:03:35Z;-793;;7
2026-09-09T06:03:37Z;-801;;-1
2026-09-09T06:05:43Z;-469;;331
2026-09-09T06:05:44Z;-811;;-11
2026-09-09T06:06:12Z;-563;;237
2026-09-09T06:06:13Z;-820;;-20
2026-09-09T06:08:34Z;;900;80
2026-09-09T06:08:36Z;;895;75
2026-09-09T06:08:44Z;;901;81
2026-09-09T06:08:46Z;;895;75
2026-09-09T06:08:54Z;;902;82
2026-09-09T06:08:56Z;;897;77
2026-09-09T06:09:05Z;;900;80
2026-09-09T06:09:07Z;;897;77
2026-09-09T06:09:14Z;;904;84
2026-09-09T06:09:16Z;;897;77
2026-09-09T06:09:24Z;;905;85
2026-09-09T06:09:26Z;;899;79
2026-09-09T06:09:34Z;;904;84
2026-09-09T06:09:36Z;;898;78
2026-09-09T06:09:44Z;;905;85
2026-09-09T06:09:50Z;;899;79
2026-09-09T06:09:54Z;;901;81
2026-09-09T06:09:58Z;;892;72
2026-09-09T06:10:02Z;;902;82
2026-09-09T06:10:04Z;;896;76
2026-09-09T06:10:12Z;;900;80
2026-09-09T06:10:14Z;;895;75
2026-09-09T06:10:22Z;;905;85
2026-09-09T06:10:25Z;;899;79
2026-09-09T06:10:27Z;;906;86
2026-09-09T06:10:28Z;;899;79
2026-09-09T06:10:30Z;;901;81
2026-09-09T06:10:32Z;;892;72
2026-09-09T06:10:33Z;;900;80
2026-09-09T06:10:35Z;;899;79
2026-09-09T06:10:37Z;;900;80
2026-09-09T06:10:39Z;;899;79
2026-09-09T06:11:12Z;;1017;197
2026-09-09T06:11:14Z;;887;67
2026-09-09T06:11:23Z;;902;82
2026-09-09T06:11:33Z;;893;73
2026-09-09T06:11:35Z;;901;81
2026-09-09T06:11:38Z;;898;78
2026-09-09T06:11:39Z;;900;80
2026-09-09T06:11:41Z;;893;73
2026-09-09T06:11:43Z;;901;81
2026-09-09T06:11:51Z;;893;73
2026-09-09T06:11:53Z;;901;81
2026-09-09T06:12:00Z;;899;79
2026-09-09T06:12:03Z;;900;80
2026-09-09T06:12:05Z;;899;79
2026-09-09T06:12:07Z;;900;80
2026-09-09T06:12:10Z;;898;78
2026-09-09T06:12:12Z;;910;90
2026-09-09T06:12:23Z;;897;77
2026-09-09T06:12:25Z;;905;85
2026-09-09T06:12:31Z;;899;79
2026-09-09T06:12:33Z;;903;83
2026-09-09T06:12:35Z;;899;79
2026-09-09T06:13:45Z;-597;;302
2026-09-09T06:13:53Z;;597;0
2026-09-09T06:13:59Z;;600;3
2026-09-09T06:14:22Z;-597;;3
2026-09-09T06:15:07Z;;741;144
2026-09-09T06:15:10Z;-685;;56
2026-09-09T06:15:24Z;-610;;131
2026-09-09T06:15:25Z;-597;;144
2026-09-09T06:15:26Z;-601;;140
2026-09-09T06:15:39Z;;599;-2
2026-09-09T06:16:12Z;;601;0
2026-09-09T06:16:19Z;-597;;4
2026-09-09T06:16:51Z;;901;304
2026-09-09T06:17:25Z;;894;297
2026-09-09T06:17:28Z;;900;303
2026-09-09T06:17:37Z;;892;295
2026-09-09T06:17:41Z;;902;305
2026-09-09T06:17:43Z;;899;302
2026-09-09T06:18:19Z;;907;310
2026-09-09T06:18:31Z;-894;;13
2026-09-09T06:18:32Z;-442;;465
2026-09-09T06:18:36Z;-889;;18
2026-09-09T06:18:38Z;-614;;293
2026-09-09T06:18:42Z;-889;;18
2026-09-09T06:18:44Z;-904;;3
2026-09-09T06:18:46Z;-895;;12
2026-09-09T06:18:58Z;-915;;-8
2026-09-09T06:18:59Z;-797;;110
2026-09-09T06:21:16Z;;622;-175
2026-09-09T06:21:17Z;;1005;208
2026-09-09T06:21:19Z;;861;64
2026-09-09T06:21:21Z;;1017;220
2026-09-09T06:26:59Z;1030;;2047
2026-09-09T06:27:01Z;-905;;112
2026-09-09T06:30:07Z;;1127;222
2026-09-09T06:30:10Z;-955;;172
2026-09-09T06:31:29Z;-827;;300
2026-09-09T06:31:30Z;-931;;196
2026-09-09T06:33:35Z;;648;-283
2026-09-09T06:33:36Z;;1098;167
2026-09-09T06:33:41Z;-903;;195
2026-09-09T06:33:42Z;-898;;200
2026-09-09T06:34:31Z;-900;;198
2026-09-09T06:34:34Z;;792;-108
2026-09-09T06:34:36Z;;1062;162
2026-09-09T06:36:01Z;;895;-5
2026-09-09T06:36:03Z;;902;2
2026-09-09T06:36:05Z;;895;-5
2026-09-09T06:36:07Z;-485;;410
2026-09-09T06:36:08Z;-719;;176
2026-09-09T06:36:56Z;-592;;303
2026-09-09T06:37:23Z;;597;5
2026-09-09T06:37:25Z;;603;11
2026-09-09T06:37:27Z;;599;7
2026-09-09T06:37:29Z;;603;11
2026-09-09T06:37:31Z;;594;2
2026-09-09T06:37:50Z;-303;;291
2026-09-09T06:40:41Z;-295;;299
2026-09-09T06:41:04Z;;604;309
2026-09-09T06:41:34Z;-601;594;299
2026-09-09T06:41:35Z;-471;;123
2026-09-09T06:41:38Z;;633;162
2026-09-09T06:42:07Z;-602;;31
2026-09-09T06:42:13Z;-595;;38
2026-09-09T06:42:37Z;-598;;35
2026-09-09T06:43:02Z;;910;312
2026-09-09T06:43:31Z;-893;;17
2026-09-09T06:44:30Z;-903;;7
2026-09-09T06:45:07Z;;1026;123
2026-09-09T06:45:10Z;-849;;177
2026-09-09T06:45:34Z;;884;35
2026-09-09T06:45:43Z;-587;;297
2026-09-09T06:46:47Z;-598;;286
2026-09-09T06:46:49Z;-594;;290
2026-09-09T06:46:50Z;-595;;289
2026-09-09T06:46:52Z;-601;;283
2026-09-09T06:46:56Z;-593;;291
2026-09-09T06:47:14Z;;908;315
2026-09-09T06:47:44Z;-901;;7
2026-09-09T06:48:00Z;;1200;299
2026-09-09T06:48:33Z;-1193;;7
2026-09-09T06:48:34Z;-1181;;19
2026-09-09T06:48:36Z;-1194;;6
2026-09-09T06:48:39Z;-1203;;-3
2026-09-09T06:48:40Z;-1204;;-4
2026-09-09T06:48:42Z;-1199;;1
2026-09-09T06:49:28Z;-740;;460
2026-09-09T06:49:29Z;-1278;;-78
2026-09-09T06:50:13Z;-1197;;3
2026-09-09T06:50:35Z;;1172;-25
2026-09-09T06:50:37Z;;1207;10
2026-09-09T06:50:39Z;;1182;-15
2026-09-09T06:50:52Z;-951;;231
2026-09-09T06:50:53Z;-816;;366
2026-09-09T06:50:57Z;-901;;281
2026-09-09T06:51:16Z;;899;-2
2026-09-09T06:51:37Z;-625;;274
2026-09-09T06:51:38Z;-232;;667
2026-09-09T06:51:42Z;;509;277
2026-09-09T06:51:44Z;;734;502
2026-09-09T06:52:47Z;-595;;139
2026-09-09T06:53:05Z;;900;305
2026-09-09T06:53:17Z;-953;;-53
2026-09-09T06:53:50Z;;1201;248
2026-09-09T06:54:00Z;-1201;;0
2026-09-09T06:57:53Z;;1507;306
2026-09-09T06:58:00Z;-1494;;13
2026-09-09T06:58:01Z;-1500;;7
2026-09-09T06:58:03Z;-1492;;15
2026-09-09T06:58:05Z;-1501;;6
2026-09-09T06:58:10Z;-1502;;5
2026-09-09T06:58:12Z;-1496;;11
2026-09-09T06:58:35Z;;1497;1
2026-09-09T06:59:27Z;-1204;;293
2026-09-09T06:59:39Z;-1199;;298
2026-09-09T07:00:07Z;;1361;162
2026-09-09T07:00:12Z;-1327;;34
2026-09-09T07:00:19Z;;1508;181
2026-09-09T07:00:28Z;-1502;;6
2026-09-09T07:00:50Z;-1493;;15
2026-09-09T07:00:58Z;;1496;3
2026-09-09T07:01:10Z;;1503;10
2026-09-09T07:01:14Z;;1489;-4
2026-09-09T07:01:45Z;-1226;;263
2026-09-09T07:01:46Z;;1171;-55
2026-09-09T07:01:48Z;;1257;31
2026-09-09T07:02:16Z;;1191;-35
2026-09-09T07:02:36Z;-887;;304
2026-09-09T07:02:37Z;;888;1
2026-09-09T07:03:21Z;;342;-545
2026-09-09T07:03:23Z;;689;-198
2026-09-09T07:03:30Z;;514;-373
2026-09-09T07:03:32Z;;710;-177
2026-09-09T07:03:36Z;-523;;187
2026-09-09T07:03:37Z;-720;;-10
2026-09-09T07:04:10Z;;905;185
2026-09-09T07:04:12Z;-905;;0
2026-09-09T07:05:36Z;;1204;299
2026-09-09T07:05:40Z;-1204;;0
2026-09-09T07:06:10Z;;1502;298
2026-09-09T07:06:16Z;;1499;295
2026-09-09T07:06:34Z;-1206;;293
2026-09-09T07:06:36Z;-1202;;297
2026-09-09T07:06:51Z;;1517;315
2026-09-09T07:06:56Z;-1497;;20
2026-09-09T07:06:58Z;-1490;;27
2026-09-09T07:07:02Z;-1498;;19
2026-09-09T07:07:09Z;-1503;;14
2026-09-09T07:07:12Z;-1485;;32
2026-09-09T07:07:17Z;-1503;;14
2026-09-09T07:07:22Z;-1499;;18
2026-09-09T07:07:29Z;-1494;;23
2026-09-09T07:07:48Z;;1494;0
2026-09-09T07:07:59Z;-1196;;298
2026-09-09T07:08:01Z;;1192;-4
2026-09-09T07:08:11Z;-898;;294
2026-09-09T07:08:13Z;-905;;287
2026-09-09T07:08:22Z;;1196;291
2026-09-09T07:08:24Z;-1200;;-4
2026-09-09T07:08:46Z;-1214;;-18
2026-09-09T07:08:49Z;;1184;-30
2026-09-09T07:08:58Z;-913;;271
2026-09-09T07:09:06Z;-895;;289
2026-09-09T07:09:58Z;;1210;315
2026-09-09T07:10:00Z;-1191;;19
2026-09-09T07:10:06Z;-1264;;-54
2026-09-09T07:10:26Z;-1119;;91
2026-09-09T07:10:34Z;;1508;389
2026-09-09T07:10:41Z;;1496;377
2026-09-09T07:11:05Z;-1080;;416
2026-09-09T07:11:11Z;-1203;;293
2026-09-09T07:11:15Z;;1505;302
2026-09-09T07:11:24Z;-1507;;-2
2026-09-09T07:11:29Z;-1495;;10
2026-09-09T07:11:53Z;;1449;-46
2026-09-09T07:11:55Z;;1546;51
2026-09-09T07:12:04Z;;1496;1
2026-09-09T07:12:46Z;-1198;;298
2026-09-09T07:12:52Z;-1203;;293
2026-09-09T07:13:37Z;;1180;-23
2026-09-09T07:13:39Z;-1180;;0
2026-09-09T07:13:43Z;-923;;257
2026-09-09T07:13:46Z;;878;-45
2026-09-09T07:15:04Z;-595;;283
2026-09-09T07:15:07Z;;653;58
2026-09-09T07:15:10Z;-591;;62
2026-09-09T07:15:26Z;;596;5
2026-09-09T07:15:28Z;;602;11
2026-09-09T07:15:33Z;;599;8
2026-09-09T07:15:36Z;;600;9
2026-09-09T07:15:38Z;;599;8
2026-09-09T07:15:39Z;;600;9
2026-09-09T07:15:44Z;;595;4
2026-09-09T07:15:50Z;;606;15
2026-09-09T07:15:52Z;;598;7
2026-09-09T07:15:54Z;;606;15
2026-09-09T07:16:08Z;-604;;2
2026-09-09T07:16:16Z;;900;296
2026-09-09T07:16:19Z;-866;;34
2026-09-09T07:16:22Z;-1157;;-257
2026-09-09T07:16:23Z;;1257;100
2026-09-09T07:16:30Z;;1513;356
2026-09-09T07:16:32Z;-1500;;13
2026-09-09T07:17:11Z;-1490;;23
2026-09-09T07:17:13Z;;1493;3
2026-09-09T07:17:39Z;;1504;14
2026-09-09T07:17:41Z;-1493;;11
2026-09-09T07:17:58Z;-1499;;5
2026-09-09T07:18:03Z;;1485;-14
2026-09-09T07:18:29Z;-871;;614
2026-09-09T07:18:30Z;-1213;;272
2026-09-09T07:18:31Z;-1170;;315
2026-09-09T07:18:32Z;;1186;16
2026-09-09T07:19:06Z;-909;;277
2026-09-09T07:19:07Z;;894;-15
2026-09-09T07:19:18Z;-603;;291
2026-09-09T07:20:03Z;-598;;296
2026-09-09T07:20:41Z;;900;302
2026-09-09T07:20:45Z;-884;;16
2026-09-09T07:20:57Z;;1206;322
2026-09-09T07:20:58Z;-1182;;24
2026-09-09T07:21:07Z;;1523;341
2026-09-09T07:21:11Z;-1516;;7
2026-09-09T07:21:38Z;;1800;284
2026-09-09T07:21:54Z;-1804;;-4
2026-09-09T07:22:14Z;-1790;;10
2026-09-09T07:22:16Z;-1800;;0
2026-09-09T07:22:18Z;-1790;;10
2026-09-09T07:22:20Z;;1776;-14
2026-09-09T07:22:21Z;;1860;70
2026-09-09T07:22:24Z;-1801;;59
2026-09-09T07:22:25Z;-1796;;64
2026-09-09T07:22:32Z;;1779;-17
2026-09-09T07:23:04Z;;1808;12
2026-09-09T07:23:12Z;;1799;3
2026-09-09T07:23:14Z;;1800;4
2026-09-09T07:23:15Z;;1797;1
2026-09-09T07:23:22Z;-1498;;299
2026-09-09T07:23:25Z;;1472;-26
2026-09-09T07:23:30Z;-1168;;304
2026-09-09T07:23:32Z;;1152;-16
2026-09-09T07:23:44Z;;1211;43
2026-09-09T07:23:47Z;-1170;;41
2026-09-09T07:23:51Z;;1525;355
2026-09-09T07:23:55Z;-1541;;-16
2026-09-09T07:23:58Z;;1823;282
2026-09-09T07:24:00Z;-1797;;26
2026-09-09T07:25:40Z;-1792;;31
2026-09-09T07:26:02Z;;1796;4
2026-09-09T07:26:32Z;;1827;35
2026-09-09T07:26:35Z;-1808;;19
2026-09-09T07:30:07Z;;2079;271
2026-09-09T07:30:10Z;-2006;;73
2026-09-09T07:30:37Z;;2105;99
2026-09-09T07:30:39Z;;2097;91
2026-09-09T07:30:41Z;;2110;104
2026-09-09T07:30:42Z;;2098;92
2026-09-09T07:30:44Z;;2111;105
2026-09-09T07:32:59Z;-2091;;20
2026-09-09T07:33:02Z;-2091;;20
2026-09-09T07:33:10Z;-2104;;7
2026-09-09T07:33:12Z;-2095;;16
2026-09-09T07:33:15Z;-2103;;8
2026-09-09T07:33:16Z;-2091;;20
2026-09-09T07:33:20Z;-2100;;11
2026-09-09T07:33:28Z;-2087;;24
2026-09-09T07:33:30Z;-2104;;7
2026-09-09T07:33:54Z;-2095;;16
2026-09-09T07:33:55Z;-2097;;14
2026-09-09T07:34:38Z;-2097;;14
2026-09-09T07:34:47Z;;2076;-21
2026-09-09T07:35:04Z;;2117;20
2026-09-09T07:35:14Z;;2093;-4
2026-09-09T07:35:18Z;-1830;;263
2026-09-09T07:35:24Z;;1788;-42
2026-09-09T07:35:26Z;;1803;-27
2026-09-09T07:35:30Z;-1826;;-23
2026-09-09T07:35:39Z;-1755;;48
2026-09-09T07:35:40Z;;1787;32
2026-09-09T07:35:54Z;;1848;93
2026-09-09T07:35:55Z;-1833;;15
2026-09-09T07:36:04Z;-1791;;57
2026-09-09T07:36:06Z;;1783;-8
2026-09-09T07:36:11Z;-1469;;314
2026-09-09T07:36:12Z;;1477;8
2026-09-09T07:36:19Z;-1190;;287
2026-09-09T07:36:25Z;;1195;5
2026-09-09T07:37:13Z;;1203;13
2026-09-09T07:37:14Z;-1201;;2
2026-09-09T07:37:19Z;;1508;307
2026-09-09T07:37:20Z;-1516;;-8
2026-09-09T07:37:29Z;-1487;;21
2026-09-09T07:37:31Z;;1466;-21
2026-09-09T07:37:37Z;-1177;;289
2026-09-09T07:37:40Z;;1192;15
2026-09-09T07:37:55Z;;1205;28
2026-09-09T07:38:02Z;;1194;17
2026-09-09T07:38:59Z;;1228;51
2026-09-09T07:39:02Z;-1188;;40
2026-09-09T07:39:06Z;;1543;355
2026-09-09T07:39:09Z;-1497;;46
2026-09-09T07:39:12Z;;1808;311
2026-09-09T07:39:13Z;-1820;;-12
2026-09-09T07:39:25Z;;2102;282
2026-09-09T07:39:28Z;;2081;261
2026-09-09T07:39:30Z;;2103;283
2026-09-09T07:39:35Z;;2098;278
2026-09-09T07:39:37Z;;2102;282
2026-09-09T07:39:39Z;;2089;269
2026-09-09T07:39:40Z;;2104;284
2026-09-09T07:39:45Z;;2093;273
2026-09-09T07:39:51Z;;2111;291
2026-09-09T07:39:53Z;;2093;273
2026-09-09T07:40:39Z;-1803;;290
2026-09-09T07:40:43Z;;1781;-22
2026-09-09T07:40:55Z;;1809;6
2026-09-09T07:40:56Z;-1784;;25
2026-09-09T07:41:04Z;;2108;324
2026-09-09T07:41:08Z;-2115;;-7
2026-09-09T07:42:12Z;-2106;;2
2026-09-09T07:42:43Z;-2105;;3
2026-09-09T07:42:44Z;-2097;;11
2026-09-09T07:42:45Z;-2109;;-1
2026-09-09T07:42:47Z;-2099;;9
2026-09-09T07:42:48Z;-2097;;11
2026-09-09T07:42:50Z;-2107;;1
2026-09-09T07:42:57Z;-2104;;4
2026-09-09T07:42:59Z;-2099;;9
2026-09-09T07:43:01Z;-2113;;-5
2026-09-09T07:43:16Z;-2097;;11
2026-09-09T07:43:19Z;-2105;;3
2026-09-09T07:43:29Z;-2095;;13
2026-09-09T07:43:34Z;;2088;-7
2026-09-09T07:43:44Z;-1794;;294
2026-09-09T07:43:47Z;;1772;-22
2026-09-09T07:43:52Z;-1521;;251
2026-09-09T07:43:57Z;-1479;;293
2026-09-09T07:44:04Z;;1828;349
2026-09-09T07:44:07Z;-1778;;50
2026-09-09T07:44:11Z;;2121;343
2026-09-09T07:44:26Z;;2093;315
2026-09-09T07:44:40Z;-1795;;298
2026-09-09T07:44:42Z;;1734;-61
2026-09-09T07:44:47Z;-1474;;260
2026-09-09T07:44:51Z;-1517;;217
2026-09-09T07:45:03Z;-1515;;219
2026-09-09T07:45:05Z;;1476;-39
2026-09-09T07:45:08Z;;1626;111
2026-09-09T07:45:10Z;-1182;;444
2026-09-09T07:45:12Z;;1171;-11
2026-09-09T07:45:13Z;-1404;;-233
2026-09-09T07:45:24Z;-905;;266
2026-09-09T07:45:35Z;;899;-6
2026-09-09T07:47:19Z;679;;1578
2026-09-09T07:47:20Z;-591;;308
2026-09-09T07:48:06Z;-610;;289
2026-09-09T07:48:09Z;-608;;291
2026-09-09T07:48:15Z;-600;;299
2026-09-09T07:48:16Z;-599;;300
2026-09-09T07:50:15Z;-598;;301
2026-09-09T07:50:16Z;-598;;301
2026-09-09T07:51:24Z;-606;;293
2026-09-09T07:51:25Z;-591;;308
2026-09-09T07:51:26Z;-600;;299
2026-09-09T07:51:30Z;-599;;300
2026-09-09T07:51:32Z;-605;;294
2026-09-09T07:51:38Z;-599;;300
2026-09-09T07:51:39Z;-600;;299
2026-09-09T07:51:40Z;-598;;301
2026-09-09T07:51:42Z;-604;;295
2026-09-09T07:51:50Z;-597;;302
2026-09-09T07:51:53Z;-597;;302
2026-09-09T07:52:00Z;-593;;306
2026-09-09T07:52:02Z;-601;;298
2026-09-09T07:52:05Z;-599;;300
2026-09-09T07:52:06Z;-602;;297
2026-09-09T07:52:14Z;-594;;305
2026-09-09T07:52:15Z;-600;;299
2026-09-09T07:52:25Z;-596;;303
2026-09-09T07:52:26Z;-600;;299
2026-09-09T07:52:36Z;-600;;299
2026-09-09T07:52:37Z;-591;;308
2026-09-09T07:53:54Z;-596;;303
2026-09-09T07:53:57Z;-598;;301
2026-09-09T07:54:01Z;-599;;300
2026-09-09T07:54:06Z;-607;;292
2026-09-09T07:54:07Z;-599;;300
2026-09-09T07:54:09Z;-594;;305
2026-09-09T07:54:10Z;-593;;306
2026-09-09T07:54:18Z;-606;;293
2026-09-09T07:54:21Z;-607;;292
2026-09-09T07:54:40Z;-610;;289
2026-09-09T07:54:42Z;-598;;301
2026-09-09T07:56:11Z;;901;303
2026-09-09T07:56:36Z;-904;;-3
2026-09-09T07:56:56Z;-906;;-5
2026-09-09T07:58:00Z;-898;;3
2026-09-09T07:58:06Z;-900;;1
2026-09-09T07:58:30Z;;898;-2
2026-09-09T07:58:59Z;;900;0
2026-09-09T07:59:00Z;;893;-7
2026-09-09T07:59:02Z;;905;5
2026-09-09T08:00:04Z;;833;-67
2026-09-09T08:00:06Z;;935;35
2026-09-09T08:00:09Z;;935;35
2026-09-09T08:00:10Z;-764;;171
2026-09-09T08:00:41Z;;855;91
2026-09-09T08:00:43Z;;992;228
2026-09-09T08:00:57Z;-943;;49
2026-09-09T08:01:00Z;;1215;272
2026-09-09T08:01:13Z;;1191;248
2026-09-09T08:01:19Z;-914;;277
2026-09-09T08:01:37Z;-901;;290
2026-09-09T08:01:44Z;;1212;311
2026-09-09T08:01:53Z;-1183;;29
2026-09-09T08:01:56Z;;1555;372
2026-09-09T08:01:57Z;-1475;;80
2026-09-09T08:01:59Z;;1830;355
2026-09-09T08:02:03Z;-1748;;82
2026-09-09T08:02:06Z;;2122;374
2026-09-09T08:02:16Z;;2086;338
2026-09-09T08:02:26Z;-1791;;295
2026-09-09T08:02:35Z;;1777;-14
2026-09-09T08:02:38Z;-1498;;279
2026-09-09T08:02:48Z;;1487;-11
2026-09-09T08:02:51Z;-1181;;306
2026-09-09T08:03:15Z;;1175;-6
2026-09-09T08:03:22Z;-900;;275
2026-09-09T08:03:23Z;-881;;294
2026-09-09T08:03:31Z;;1198;317
2026-09-09T08:03:38Z;-1191;;7
2026-09-09T08:03:43Z;;1518;327
2026-09-09T08:04:17Z;-1510;;8
2026-09-09T08:04:29Z;-1503;;15
2026-09-09T08:04:50Z;;1491;-12
2026-09-09T08:04:53Z;-1217;;274
2026-09-09T08:05:01Z;;1188;-29
2026-09-09T08:05:26Z;-896;;292
2026-09-09T08:05:39Z;;898;2
2026-09-09T08:06:11Z;;929;33
2026-09-09T08:06:14Z;-955;;-26
2026-09-09T08:06:16Z;;1265;310
2026-09-09T08:06:18Z;-1258;;7
2026-09-09T08:06:20Z;;1561;303
2026-09-09T08:06:24Z;-1505;;56
2026-09-09T08:06:27Z;-1474;;87
2026-09-09T08:06:35Z;;1497;23
2026-09-09T08:06:39Z;-827;;670
2026-09-09T08:06:40Z;-1246;1572;745
2026-09-09T08:06:41Z;;1339;93
2026-09-09T08:06:44Z;-1171;;168
2026-09-09T08:06:45Z;;1172;1
2026-09-09T08:06:47Z;-926;;246
2026-09-09T08:07:09Z;-899;;273
2026-09-09T08:07:15Z;;1213;314
2026-09-09T08:07:19Z;-1235;;-22
2026-09-09T08:07:22Z;;1549;314
2026-09-09T08:07:24Z;-1481;;68
2026-09-09T08:07:31Z;-1529;;20
2026-09-09T08:07:35Z;;1483;-46
2026-09-09T08:07:39Z;-1217;;266
2026-09-09T08:07:41Z;;1187;-30
2026-09-09T08:07:44Z;-895;;292
2026-09-09T08:07:59Z;;894;-1
2026-09-09T08:08:01Z;;900;5
2026-09-09T08:08:05Z;-877;;23
2026-09-09T08:08:08Z;;1221;344
2026-09-09T08:08:09Z;-1137;;84
2026-09-09T08:08:13Z;;1532;395
2026-09-09T08:08:22Z;-1540;;-8
2026-09-09T08:08:24Z;;1802;262
2026-09-09T08:08:28Z;-1775;;27
2026-09-09T08:09:03Z;;2114;339
2026-09-09T08:10:05Z;;2098;323
2026-09-09T08:10:07Z;;2106;331
2026-09-09T08:10:13Z;;2095;320
2026-09-09T08:10:21Z;;2102;327
2026-09-09T08:10:24Z;;2099;324
2026-09-09T08:10:27Z;;2100;325
2026-09-09T08:10:35Z;;2091;316
2026-09-09T08:10:37Z;;2102;327
2026-09-09T08:10:46Z;;2091;316
2026-09-09T08:10:47Z;;2103;328
2026-09-09T08:10:55Z;;2096;321
2026-09-09T08:10:57Z;;2109;334
2026-09-09T08:11:05Z;;2093;318
2026-09-09T08:11:07Z;;2106;331
2026-09-09T08:11:15Z;;2098;323
2026-09-09T08:11:17Z;;2108;333
2026-09-09T08:12:25Z;;2097;322
2026-09-09T08:12:27Z;;2100;325
2026-09-09T08:12:35Z;;2092;317
2026-09-09T08:12:37Z;;2107;332
2026-09-09T08:12:45Z;;2092;317
2026-09-09T08:12:47Z;;2105;330
2026-09-09T08:12:55Z;;2094;319
2026-09-09T08:12:57Z;;2101;326
2026-09-09T08:13:05Z;;2096;321
2026-09-09T08:13:07Z;;2110;335
2026-09-09T08:13:15Z;;2096;321
2026-09-09T08:13:17Z;;2112;337
2026-09-09T08:13:25Z;;2095;320
2026-09-09T08:13:27Z;;2110;335
2026-09-09T08:13:36Z;;2094;319
2026-09-09T08:13:37Z;;2110;335
2026-09-09T08:15:07Z;;2120;345
2026-09-09T08:15:12Z;-2048;;72
2026-09-09T08:15:35Z;;2095;47
2026-09-09T08:15:37Z;;2100;52
2026-09-09T08:17:47Z;-2089;;11
2026-09-09T08:17:50Z;-2091;;9
2026-09-09T08:17:52Z;-2102;;-2
2026-09-09T08:17:54Z;-2092;;8
2026-09-09T08:17:55Z;-2091;;9
2026-09-09T08:17:57Z;-2104;;-4
2026-09-09T08:17:59Z;-2095;;5
2026-09-09T08:18:02Z;-2097;;3
2026-09-09T08:18:04Z;-2108;;-8
2026-09-09T08:18:06Z;-2097;;3
2026-09-09T08:18:14Z;-2106;;-6
2026-09-09T08:18:16Z;-2098;;2
2026-09-09T08:18:23Z;-2097;;3
2026-09-09T08:18:28Z;-2084;;16
2026-09-09T08:18:30Z;-2101;;-1
2026-09-09T08:18:36Z;-2105;;-5
2026-09-09T08:18:38Z;-2116;;-16
2026-09-09T08:19:02Z;-2097;;3
2026-09-09T08:19:04Z;-2108;;-8
2026-09-09T08:19:12Z;-2099;;1
2026-09-09T08:19:14Z;-2110;;-10
2026-09-09T08:19:22Z;-2099;;1
2026-09-09T08:19:24Z;-2110;;-10
2026-09-09T08:19:32Z;-2087;;13
2026-09-09T08:19:38Z;-2103;;-3
2026-09-09T08:19:40Z;-2095;;5
2026-09-09T08:20:00Z;-2108;;-8
2026-09-09T08:20:02Z;-2098;;2
2026-09-09T08:20:03Z;-2093;;7
2026-09-09T08:20:05Z;-2113;;-13
2026-09-09T08:20:07Z;-2098;;2
2026-09-09T08:20:14Z;-2096;;4
2026-09-09T08:20:15Z;-2095;;5
2026-09-09T08:20:23Z;-2091;;9
2026-09-09T08:20:35Z;-2105;;-5
2026-09-09T08:23:24Z;-2097;;3
2026-09-09T08:23:26Z;-2104;;-4
2026-09-09T08:23:28Z;-2103;;-3
2026-09-09T08:23:30Z;-2103;;-3
2026-09-09T08:23:33Z;-2106;;-6
2026-09-09T08:23:36Z;-2113;;-13
2026-09-09T08:24:06Z;-2089;;11
2026-09-09T08:24:12Z;-2100;;0
2026-09-09T08:24:14Z;-2098;;2
2026-09-09T08:24:17Z;-2092;;8
2026-09-09T08:24:22Z;-2093;;7
2026-09-09T08:24:24Z;-2107;;-7
2026-09-09T08:24:26Z;-2095;;5
2026-09-09T08:24:28Z;-2106;;-6
2026-09-09T08:24:34Z;-2099;;1
2026-09-09T08:24:36Z;-2108;;-8
2026-09-09T08:24:43Z;-2100;;0
2026-09-09T08:25:12Z;-2099;;1
2026-09-09T08:25:14Z;-2082;;18
2026-09-09T08:26:46Z;-2101;;-1
2026-09-09T08:26:48Z;-2096;;4
2026-09-09T08:26:50Z;-2106;;-6
2026-09-09T08:26:53Z;-2102;;-2
2026-09-09T08:26:55Z;-2090;;10
2026-09-09T08:27:04Z;-2089;;11
2026-09-09T08:27:05Z;-2090;;10
2026-09-09T08:27:29Z;-2101;;-1
2026-09-09T08:29:20Z;;2096;-5
2026-09-09T08:29:56Z;;2104;3
2026-09-09T08:30:05Z;;2094;-7
2026-09-09T08:30:06Z;;2100;-1
2026-09-09T08:30:10Z;-2019;2110;9
2026-09-09T08:30:14Z;;2097;78
2026-09-09T08:31:44Z;;2100;81
2026-09-09T08:31:50Z;;2096;77
2026-09-09T08:43:54Z;;2101;82
2026-09-09T08:43:56Z;;2091;72
2026-09-09T08:44:03Z;;2103;84
2026-09-09T08:44:05Z;;2092;73
2026-09-09T08:44:07Z;;2103;84
2026-09-09T08:44:09Z;;2093;74
2026-09-09T08:44:17Z;;2105;86
2026-09-09T08:44:19Z;;2095;76
2026-09-09T08:44:21Z;;2105;86
2026-09-09T08:44:23Z;;2095;76
2026-09-09T08:44:25Z;;2107;88
2026-09-09T08:44:27Z;;2096;77
2026-09-09T08:44:29Z;;2107;88
2026-09-09T08:44:31Z;;2096;77
2026-09-09T08:44:36Z;;2100;81
2026-09-09T08:44:43Z;;2085;66
2026-09-09T08:44:45Z;;2106;87
2026-09-09T08:44:53Z;;2086;67
2026-09-09T08:44:55Z;;2103;84
2026-09-09T08:45:03Z;;2088;69
2026-09-09T08:45:05Z;;2105;86
2026-09-09T08:45:08Z;;2104;85
2026-09-09T08:45:10Z;-2022;;82
2026-09-09T08:45:17Z;;2093;71
2026-09-09T08:45:19Z;;2110;88
2026-09-09T08:45:27Z;;2095;73
2026-09-09T08:45:29Z;;2112;90
2026-09-09T08:45:37Z;;2098;76
2026-09-09T08:45:39Z;;2115;93
2026-09-09T08:45:47Z;;2098;76
2026-09-09T08:45:49Z;;2114;92
2026-09-09T08:45:57Z;;2098;76
2026-09-09T08:45:59Z;;2114;92
2026-09-09T08:48:52Z;;2099;77
2026-09-09T08:48:54Z;;2114;92
2026-09-09T08:49:05Z;;2099;77
2026-09-09T08:49:07Z;;2100;78
2026-09-09T08:49:15Z;;2099;77
2026-09-09T08:49:17Z;;2111;89
2026-09-09T08:49:30Z;;2099;77
2026-09-09T08:49:31Z;;2116;94
2026-09-09T09:00:07Z;;2159;137
2026-09-09T09:00:10Z;-2093;;66
2026-09-09T09:00:53Z;-2100;;59
2026-09-09T09:00:54Z;-2094;;65
2026-09-09T09:01:12Z;-2101;;58
2026-09-09T09:01:14Z;-2094;;65
2026-09-09T09:01:23Z;-2102;;57
2026-09-09T09:01:24Z;-2095;;64
2026-09-09T09:01:33Z;-2095;;64
2026-09-09T09:01:34Z;-2102;;57
2026-09-09T09:01:42Z;-2103;;56
2026-09-09T09:01:43Z;-2103;;56
2026-09-09T09:01:50Z;-2098;;61
2026-09-09T09:01:51Z;-2096;;63
2026-09-09T09:01:52Z;-2103;;56
2026-09-09T09:01:54Z;-2098;;61
2026-09-09T09:02:02Z;-2104;;55
2026-09-09T09:02:04Z;-2098;;61
2026-09-09T09:02:12Z;-2103;;56
2026-09-09T09:02:14Z;-2097;;62
2026-09-09T09:02:21Z;-2097;;62
2026-09-09T09:02:24Z;-2097;;62
2026-09-09T09:02:31Z;-2098;;61
2026-09-09T09:02:33Z;-2104;;55
2026-09-09T09:02:42Z;-2104;;55
2026-09-09T09:02:43Z;-2103;;56
2026-09-09T09:02:54Z;-2103;;56
2026-09-09T09:02:55Z;-2097;;62
2026-09-09T09:03:24Z;-2102;;57
2026-09-09T09:03:25Z;-2098;;61
2026-09-09T09:03:46Z;-2101;;58
2026-09-09T09:03:47Z;-2096;;63
2026-09-09T09:03:54Z;-2104;;55
2026-09-09T09:03:56Z;-2096;;63
2026-09-09T09:04:04Z;-2104;;55
2026-09-09T09:04:05Z;-2104;;55
2026-09-09T09:04:09Z;-2086;;73
2026-09-09T09:04:12Z;-2100;;59
2026-09-09T09:04:14Z;-2106;;53
2026-09-09T09:04:17Z;-2100;;59
2026-09-09T09:04:19Z;-2087;;72
2026-09-09T09:04:26Z;-2100;;59
2026-09-09T09:04:29Z;-2100;;59
2026-09-09T09:04:38Z;-2087;;72
2026-09-09T09:04:41Z;-2099;;60
2026-09-09T09:04:48Z;-2087;;72
2026-09-09T09:04:50Z;-2101;;58
2026-09-09T09:04:55Z;-2099;;60
2026-09-09T09:04:57Z;-2101;;58
2026-09-09T09:04:58Z;-2088;;71
2026-09-09T09:05:00Z;-2100;;59
2026-09-09T09:05:07Z;-2102;;57
2026-09-09T09:05:10Z;-2103;;56
2026-09-09T09:05:17Z;-2099;;60
2026-09-09T09:05:19Z;-2090;;69
2026-09-09T09:05:28Z;-2090;;69
2026-09-09T09:05:29Z;-2091;;68
2026-09-09T09:05:40Z;-2088;;71
2026-09-09T09:05:41Z;-2102;;57
2026-09-09T09:05:42Z;-2103;;56
2026-09-09T09:05:43Z;-2103;;56
2026-09-09T09:05:50Z;-2090;;69
2026-09-09T09:05:51Z;-2101;;58
2026-09-09T09:05:58Z;-2090;;69
2026-09-09T09:06:00Z;-2102;;57
2026-09-09T09:06:06Z;-2099;;60
2026-09-09T09:06:07Z;-2102;;57
2026-09-09T09:06:08Z;-2089;;70
2026-09-09T09:06:10Z;-2103;;56
2026-09-09T09:06:18Z;-2090;;69
2026-09-09T09:06:22Z;-2103;;56
2026-09-09T09:06:25Z;-2099;;60
2026-09-09T09:06:26Z;-2104;;55
2026-09-09T09:06:29Z;-2104;;55
2026-09-09T09:06:32Z;-2104;;55
2026-09-09T09:06:41Z;-2104;;55
2026-09-09T09:06:44Z;-2104;;55
2026-09-09T09:06:48Z;-2108;;51
2026-09-09T09:06:50Z;-2105;;54
2026-09-09T09:06:51Z;-2105;;54
2026-09-09T09:06:53Z;-2092;;67
2026-09-09T09:07:01Z;-2107;;52
2026-09-09T09:07:03Z;-2095;;64
2026-09-09T09:07:12Z;-2094;;65
2026-09-09T09:07:13Z;-2095;;64
2026-09-09T09:07:24Z;-2098;;61
2026-09-09T09:07:25Z;-2110;;49
2026-09-09T09:07:32Z;-2099;;60
2026-09-09T09:07:34Z;-2113;;46
2026-09-09T09:07:51Z;-2117;;42
2026-09-09T09:07:53Z;-2104;;55
2026-09-09T09:08:11Z;-2121;;38
2026-09-09T09:15:07Z;;2240;119
2026-09-09T09:15:10Z;-2048;;192
2026-09-09T09:29:19Z;-1773;;467
2026-09-09T09:29:21Z;-1829;;411
2026-09-09T09:30:07Z;;2271;442
2026-09-09T09:30:12Z;-2066;;205
2026-09-09T09:30:25Z;-1812;;459
2026-09-09T09:30:27Z;-1791;;480
2026-09-09T09:35:11Z;-2092;;179
2026-09-09T09:41:23Z;;2405;313
2026-09-09T09:41:25Z;;2393;301
2026-09-09T09:41:27Z;;2407;315
2026-09-09T09:41:29Z;;2397;305
2026-09-09T09:41:31Z;;2410;318
2026-09-09T09:41:33Z;;2399;307
2026-09-09T09:41:35Z;;2400;308
2026-09-09T09:41:47Z;;2393;301
2026-09-09T09:41:49Z;;2411;319
2026-09-09T09:43:12Z;-2400;;11
2026-09-09T09:43:13Z;-2399;;12
2026-09-09T09:43:24Z;-2408;;3
2026-09-09T09:43:25Z;-2394;;17
2026-09-09T09:43:26Z;-2400;;11
2026-09-09T09:43:42Z;-2398;;13
2026-09-09T09:43:44Z;-2415;;-4
2026-09-09T09:45:07Z;;2582;167
2026-09-09T09:45:10Z;-2495;;87
2026-09-09T09:46:27Z;;2700;205
2026-09-09T09:46:29Z;;2692;197
2026-09-09T09:46:31Z;;2711;216
2026-09-09T09:46:33Z;;2699;204
2026-09-09T09:46:35Z;;2700;205
2026-09-09T09:46:43Z;;2695;200
2026-09-09T09:46:45Z;;2710;215
2026-09-09T09:47:38Z;-2702;;8
2026-09-09T09:47:40Z;-2695;;15
2026-09-09T09:47:46Z;-2701;;9
2026-09-09T09:47:52Z;-2690;;20
2026-09-09T09:47:54Z;-2709;;1
2026-09-09T09:49:34Z;-2678;;32
2026-09-09T09:49:36Z;;2606;-72
2026-09-09T09:49:37Z;-2340;;266
2026-09-09T09:49:38Z;;2374;34
2026-09-09T09:49:40Z;-2084;;290
2026-09-09T09:49:41Z;;2099;15
2026-09-09T09:49:45Z;-1787;;312
2026-09-09T09:49:47Z;;1780;-7
2026-09-09T09:49:50Z;;1813;-50
2026-09-09T09:49:51Z;-1863;;-83
2026-09-09T09:49:53Z;-2067;2112;249
2026-09-09T09:50:08Z;;2420;353
2026-09-09T09:50:09Z;-2376;;44
2026-09-09T09:50:14Z;-2713;2776;400
2026-09-09T09:50:18Z;;3035;322
2026-09-09T09:50:38Z;;2957;244
2026-09-09T09:50:39Z;-2694;;263
2026-09-09T09:50:41Z;-2351;2513;-181
2026-09-09T09:50:43Z;-2067;2327;446
2026-09-09T09:50:45Z;;2094;27
2026-09-09T09:50:46Z;-2131;2176;-37
2026-09-09T09:50:49Z;;2424;293
2026-09-09T09:50:52Z;;2360;229
2026-09-09T09:50:54Z;-2033;;327
2026-09-09T09:50:56Z;;2030;-3
2026-09-09T09:50:57Z;-1737;;293
2026-09-09T09:50:58Z;;1761;24
2026-09-09T09:51:02Z;-1861;1866;129
2026-09-09T09:51:04Z;-2195;2207;-319
2026-09-09T09:51:06Z;-2526;;-660
2026-09-09T09:51:08Z;;2569;43
2026-09-09T09:51:10Z;-2395;;-529
2026-09-09T09:51:14Z;-2452;;117
2026-09-09T09:51:19Z;-2286;;283
2026-09-09T09:51:20Z;;2293;7
2026-09-09T09:51:24Z;-2099;;194
2026-09-09T09:51:25Z;-2094;;199
2026-09-09T09:51:29Z;-2463;2485;391
2026-09-09T09:51:30Z;-2620;;-135
2026-09-09T09:51:33Z;;2815;195
2026-09-09T09:51:34Z;-2721;;94
2026-09-09T09:51:36Z;;2698;-23
2026-09-09T09:51:38Z;-2366;;332
2026-09-09T09:51:41Z;-2437;;261
2026-09-09T09:51:45Z;;2722;285
2026-09-09T09:51:48Z;-2655;;67
2026-09-09T09:51:49Z;;3012;357
2026-09-09T09:51:51Z;-3003;;9
2026-09-09T09:51:59Z;-2997;;15
2026-09-09T09:52:01Z;-2791;2946;-51
2026-09-09T09:52:04Z;-2486;;460
2026-09-09T09:52:07Z;;2619;133
2026-09-09T09:52:09Z;;2344;-142
2026-09-09T09:52:10Z;-2084;;260
2026-09-09T09:52:15Z;;2058;-26
2026-09-09T09:52:29Z;-1798;;260
2026-09-09T09:52:39Z;-1802;;256
2026-09-09T09:52:49Z;;2136;334
2026-09-09T09:52:50Z;-2124;;12
2026-09-09T09:52:53Z;-2073;;63
2026-09-09T09:52:55Z;-2144;;-8
2026-09-09T09:52:58Z;;2409;-55
2026-09-09T09:52:59Z;-2464;;-328
2026-09-09T09:53:05Z;;2720;256
2026-09-09T09:53:08Z;;2698;234
2026-09-09T09:53:14Z;-2393;;305
2026-09-09T09:53:17Z;-2392;;306
2026-09-09T09:53:28Z;;2711;319
2026-09-09T09:53:33Z;-2757;;-46
2026-09-09T09:53:35Z;-2944;3009;252
2026-09-09T09:53:40Z;-2996;;13
2026-09-09T09:53:43Z;;2987;-9
2026-09-09T09:53:55Z;-2735;;252
2026-09-09T09:53:58Z;;2655;-80
2026-09-09T09:53:59Z;-2436;;219
2026-09-09T09:54:02Z;;2329;-107
2026-09-09T09:54:17Z;-2349;2402;-34
2026-09-09T09:54:21Z;;2732;383
2026-09-09T09:54:22Z;-2734;;-2
2026-09-09T09:54:24Z;-2736;;-4
2026-09-09T09:54:27Z;;2640;-96
2026-09-09T09:54:31Z;-2427;;213
2026-09-09T09:54:39Z;-2447;;193
2026-09-09T09:54:42Z;-2719;2785;338
2026-09-09T09:54:48Z;-2691;;94
2026-09-09T09:54:50Z;;2673;-18
2026-09-09T09:54:56Z;;2755;64
2026-09-09T09:54:57Z;-2780;;-25
2026-09-09T09:54:59Z;-2981;3053;-226
2026-09-09T09:55:33Z;-2971;;82
2026-09-09T09:55:34Z;-3019;;34
2026-09-09T09:55:36Z;-2998;;55
2026-09-09T09:55:41Z;;2974;-24
2026-09-09T09:55:45Z;-2641;;333
2026-09-09T09:55:47Z;;2655;14
2026-09-09T09:55:50Z;;2730;89
2026-09-09T09:55:51Z;-2718;;12
2026-09-09T09:55:56Z;;3012;294
2026-09-09T09:56:00Z;-3007;;5
2026-09-09T09:56:02Z;-2984;;28
2026-09-09T09:56:12Z;-3011;;1
2026-09-09T09:56:18Z;-2974;;38
2026-09-09T09:56:20Z;;2987;13
2026-09-09T09:56:25Z;-2718;;269
2026-09-09T09:56:28Z;;2687;-31
2026-09-09T09:56:32Z;-2651;2732;14
2026-09-09T09:56:36Z;;3030;379
2026-09-09T09:56:41Z;;2954;303
2026-09-09T09:56:55Z;;3007;356
2026-09-09T09:57:08Z;;2985;334
2026-09-09T09:57:18Z;;2658;7
2026-09-09T09:57:19Z;-2635;;23
2026-09-09T09:57:21Z;-2396;;262
2026-09-09T09:57:27Z;;2361;-35
2026-09-09T09:57:30Z;-2095;;266
2026-09-09T09:57:33Z;;2087;-8
2026-09-09T09:57:44Z;-1809;;278
2026-09-09T09:57:58Z;;1790;-19
2026-09-09T09:58:16Z;;1801;-8
2026-09-09T09:58:20Z;-1825;;-24
2026-09-09T09:58:27Z;-1779;;22
2026-09-09T09:58:29Z;;1760;-19
2026-09-09T09:58:50Z;-1500;;260
2026-09-09T09:58:52Z;-1503;;257
2026-09-09T09:58:55Z;-1500;;260
2026-09-09T09:59:50Z;;1499;-1
2026-09-09T09:59:52Z;;1501;1
2026-09-09T10:00:07Z;;1540;40
2026-09-09T10:00:10Z;-1472;;68
2026-09-09T10:00:16Z;;1493;21
2026-09-09T10:02:39Z;-1208;;285
2026-09-09T10:02:40Z;-1197;;296
2026-09-09T10:02:51Z;-1205;;288
2026-09-09T10:02:52Z;-1200;;293
2026-09-09T10:02:57Z;-1199;;294
2026-09-09T10:03:01Z;-1198;;295
2026-09-09T10:03:09Z;-1203;;290
2026-09-09T10:03:12Z;-1204;;289
2026-09-09T10:03:19Z;-1205;;288
2026-09-09T10:03:21Z;-1198;;295
2026-09-09T10:07:18Z;;1502;304
2026-09-09T10:07:32Z;-1511;;-9
2026-09-09T10:07:41Z;-1742;;-240
2026-09-09T10:07:43Z;-2202;;-700
2026-09-09T10:07:44Z;;1910;-292
2026-09-09T10:07:46Z;-2777;2168;-34
2026-09-09T10:07:48Z;;2423;-354
2026-09-09T10:07:50Z;;2839;62
2026-09-09T10:07:52Z;;3028;251
2026-09-09T10:07:55Z;;2993;216
2026-09-09T10:07:56Z;-2780;;213
2026-09-09T10:07:59Z;;2570;-210
2026-09-09T10:08:03Z;-2671;2727;-53
2026-09-09T10:08:11Z;;3023;352
2026-09-09T10:08:14Z;;2987;316
2026-09-09T10:08:15Z;-2643;;344
2026-09-09T10:08:16Z;;2676;33
2026-09-09T10:08:20Z;-2385;;291
2026-09-09T10:08:23Z;-2431;;245
2026-09-09T10:08:25Z;;2701;270
2026-09-09T10:08:26Z;-2738;;-37
2026-09-09T10:08:34Z;;3056;318
2026-09-09T10:08:35Z;-3050;;6
2026-09-09T10:08:45Z;-2983;;73
2026-09-09T10:08:49Z;;2972;-11
2026-09-09T10:08:51Z;-2648;;324
2026-09-09T10:08:52Z;;2668;20
2026-09-09T10:08:54Z;-2361;;307
2026-09-09T10:08:56Z;;2349;-12
2026-09-09T10:08:58Z;;2446;85
2026-09-09T10:09:01Z;;2354;-7
2026-09-09T10:09:02Z;-2111;;243
2026-09-09T10:09:04Z;;2094;-17
2026-09-09T10:09:05Z;;2117;6
2026-09-09T10:09:06Z;-2165;;-48
2026-09-09T10:09:11Z;-2069;;48
2026-09-09T10:09:14Z;;2074;5
2026-09-09T10:09:18Z;-2114;2163;94
2026-09-09T10:09:28Z;-2040;;123
2026-09-09T10:09:31Z;-1864;2079;39
2026-09-09T10:09:34Z;;1782;-82
2026-09-09T10:09:39Z;-1797;1838;-26
2026-09-09T10:09:49Z;-1796;;42
2026-09-09T10:09:54Z;;1796;0
2026-09-09T10:10:20Z;-1495;;301
2026-09-09T10:10:26Z;;1494;-1
2026-09-09T10:12:17Z;-1484;1501;6
2026-09-09T10:12:26Z;-1738;;-237
2026-09-09T10:12:27Z;;1868;130
2026-09-09T10:12:31Z;-1798;;70
2026-09-09T10:12:34Z;;1789;-9
2026-09-09T10:12:38Z;;1820;22
2026-09-09T10:12:39Z;-1835;;-15
2026-09-09T10:12:42Z;-2118;2139;304
2026-09-09T10:12:46Z;-2098;;41
2026-09-09T10:12:47Z;;2014;-84
2026-09-09T10:12:48Z;-1735;;279
2026-09-09T10:12:49Z;;1723;-12
2026-09-09T10:12:50Z;-1465;;258
2026-09-09T10:12:51Z;;1460;-5
2026-09-09T10:13:27Z;-1197;;263
2026-09-09T10:14:01Z;-1194;;266
2026-09-09T10:14:08Z;-1203;;257
2026-09-09T10:14:14Z;;1197;-6
2026-09-09T10:15:07Z;;1127;-76
2026-09-09T10:15:10Z;-1073;;54
2026-09-09T10:22:55Z;;1202;129
2026-09-09T10:22:59Z;;1196;123
2026-09-09T10:23:52Z;;546;-527
2026-09-09T10:23:53Z;;1300;227
2026-09-09T10:23:55Z;;1152;79
2026-09-09T10:25:23Z;;1200;127
2026-09-09T10:25:30Z;;1198;125
2026-09-09T10:25:32Z;;1202;129
2026-09-09T10:25:41Z;;1197;124
2026-09-09T10:25:43Z;;1206;133
2026-09-09T10:25:53Z;-1201;;5
2026-09-09T10:25:57Z;-1210;;-4
2026-09-09T10:26:02Z;-1203;;3
2026-09-09T10:26:03Z;-1203;;3
2026-09-09T10:26:10Z;-1214;;-8
2026-09-09T10:26:16Z;-1194;;12
2026-09-09T10:26:34Z;-1193;;13
2026-09-09T10:26:35Z;-1202;;4
2026-09-09T10:27:41Z;-1197;;9
2026-09-09T10:27:45Z;-1202;;4
2026-09-09T10:27:47Z;-1189;;17
2026-09-09T10:27:48Z;-843;;363
2026-09-09T10:28:28Z;-1316;;-110
2026-09-09T10:28:30Z;-1311;;-105
2026-09-09T10:28:39Z;;1515;204
2026-09-09T10:28:41Z;-1513;;2
2026-09-09T10:28:43Z;-1489;;26
2026-09-09T10:28:46Z;;1496;7
2026-09-09T10:29:37Z;-964;;532
2026-09-09T10:30:07Z;;1269;305
2026-09-09T10:30:12Z;-1079;;190
2026-09-09T10:31:02Z;;1199;120
2026-09-09T10:31:05Z;;1200;121
2026-09-09T10:31:06Z;;1199;120
2026-09-09T10:32:38Z;;1206;127
2026-09-09T10:33:10Z;-1164;;42
2026-09-09T10:33:19Z;;1507;343
2026-09-09T10:33:34Z;-1260;1465;301
2026-09-09T10:33:54Z;-1236;;229
2026-09-09T10:34:12Z;;1508;272
2026-09-09T10:34:15Z;-1519;;-11
2026-09-09T10:34:17Z;;1865;346
2026-09-09T10:34:19Z;-1863;;2
2026-09-09T10:34:20Z;;793;-1070
2026-09-09T10:34:22Z;;2280;417
2026-09-09T10:34:27Z;-2107;;173
2026-09-09T10:34:30Z;-2102;;178
2026-09-09T10:34:44Z;-2096;;184
2026-09-09T10:34:57Z;;2409;313
2026-09-09T10:35:19Z;-2401;;8
2026-09-09T10:35:29Z;-2377;;32
2026-09-09T10:35:32Z;-2030;2288;-89
2026-09-09T10:35:34Z;;2059;29
2026-09-09T10:35:35Z;-1746;;313
2026-09-09T10:35:39Z;;1750;4
2026-09-09T10:35:41Z;;1805;59
2026-09-09T10:35:43Z;;1764;18
2026-09-09T10:35:44Z;-1404;;360
2026-09-09T10:35:46Z;-1197;1421;567
2026-09-09T10:35:58Z;;1196;-1
2026-09-09T10:36:41Z;-898;;298
2026-09-09T10:39:28Z;-901;;295
2026-09-09T10:39:37Z;-1110;1228;327
2026-09-09T10:39:39Z;;1512;402
2026-09-09T10:39:41Z;-1503;;9
2026-09-09T10:39:42Z;-1450;;62
2026-09-09T10:39:44Z;;1469;19
2026-09-09T10:39:45Z;-1185;;284
2026-09-09T10:39:49Z;;1196;11
2026-09-09T10:40:09Z;;1223;38
2026-09-09T10:40:12Z;-1221;;2
2026-09-09T10:40:14Z;;1543;322
2026-09-09T10:40:16Z;-1537;;6
2026-09-09T10:40:27Z;;1857;320
2026-09-09T10:40:29Z;-1865;;-8
2026-09-09T10:40:31Z;;2118;253
2026-09-09T10:40:33Z;;2062;197
2026-09-09T10:40:34Z;-1744;;318
2026-09-09T10:40:37Z;-1819;;243
2026-09-09T10:40:39Z;-2073;2222;403
2026-09-09T10:40:42Z;-2110;;112
2026-09-09T10:40:44Z;-2116;;106
2026-09-09T10:40:46Z;;2487;371
2026-09-09T10:40:47Z;-2437;;50
2026-09-09T10:40:49Z;;2709;272
2026-09-09T10:41:26Z;;2686;249
2026-09-09T10:41:31Z;-2399;;287
2026-09-09T10:41:36Z;;2361;-38
2026-09-09T10:41:39Z;-2086;;275
2026-09-09T10:41:40Z;-2089;;272
2026-09-09T10:41:42Z;-2094;;267
2026-09-09T10:41:48Z;;2057;-37
2026-09-09T10:41:52Z;;2140;46
2026-09-09T10:41:53Z;-2047;;93
2026-09-09T10:41:58Z;-2129;;11
2026-09-09T10:42:07Z;-2123;;17
2026-09-09T10:42:09Z;-2067;;73
2026-09-09T10:42:16Z;-2131;;9
2026-09-09T10:42:17Z;-2131;;9
2026-09-09T10:42:22Z;;2057;-74
2026-09-09T10:42:24Z;-1827;;230
2026-09-09T10:42:25Z;;2107;280
2026-09-09T10:42:28Z;-1860;;247
2026-09-09T10:42:29Z;-2127;;-20
2026-09-09T10:42:32Z;;2419;292
2026-09-09T10:42:35Z;-2427;;-8
2026-09-09T10:42:37Z;;2716;289
2026-09-09T10:42:39Z;;2674;247
2026-09-09T10:42:40Z;-2393;;281
2026-09-09T10:42:44Z;;2388;-5
2026-09-09T10:42:45Z;-2067;;321
2026-09-09T10:42:49Z;;2091;24
2026-09-09T10:42:54Z;-1791;;300
2026-09-09T10:43:05Z;-1779;;312
2026-09-09T10:43:11Z;-1728;;363
2026-09-09T10:43:13Z;-1532;1767;39
2026-09-09T10:43:19Z;;1497;-35
2026-09-09T10:43:20Z;;1514;-18
2026-09-09T10:43:33Z;;1474;-58
2026-09-09T10:43:36Z;-1180;;294
2026-09-09T10:43:48Z;;1193;13
2026-09-09T10:44:29Z;;1211;31
2026-09-09T10:44:46Z;-1265;;-54
2026-09-09T10:44:48Z;;1612;347
2026-09-09T10:44:49Z;-1555;;57
2026-09-09T10:44:57Z;;1810;255
2026-09-09T10:45:03Z;-1478;1719;164
2026-09-09T10:45:06Z;;1418;-60
2026-09-09T10:45:07Z;-1135;;283
2026-09-09T10:45:09Z;;1824;689
2026-09-09T10:45:10Z;-1279;;545
2026-09-09T10:45:11Z;;1187;-92
2026-09-09T10:45:14Z;;1205;-74
2026-09-09T10:45:19Z;-1203;;2
2026-09-09T10:45:23Z;;1513;310
2026-09-09T10:45:25Z;;1459;256
2026-09-09T10:45:26Z;-1175;;284
2026-09-09T10:45:30Z;-1168;;291
2026-09-09T10:45:35Z;;1520;352
2026-09-09T10:45:40Z;-1259;1471;303
2026-09-09T10:46:00Z;-1226;;245
2026-09-09T10:46:06Z;-1173;;298
2026-09-09T10:46:12Z;-1211;;260
2026-09-09T10:46:14Z;;1552;341
2026-09-09T10:46:15Z;-1565;;-13
2026-09-09T10:46:16Z;;1838;273
2026-09-09T10:46:17Z;-1854;;-16
2026-09-09T10:46:18Z;;2111;257
2026-09-09T10:46:21Z;-2139;;-28
2026-09-09T10:46:24Z;;2421;282
2026-09-09T10:47:42Z;-2407;;14
2026-09-09T10:47:58Z;-2373;;48
2026-09-09T10:48:02Z;;2393;323
2026-09-09T10:48:06Z;-2070;;351
2026-09-09T10:48:08Z;-1799;2075;276
2026-09-09T10:48:12Z;;1749;-50
2026-09-09T10:48:14Z;;1932;133
2026-09-09T10:48:15Z;-1658;;274
2026-09-09T10:48:16Z;-2010;;-78
2026-09-09T10:48:18Z;;2132;122
2026-09-09T10:48:19Z;-2176;;-44
2026-09-09T10:48:21Z;;2416;240
2026-09-09T10:48:22Z;;2354;178
2026-09-09T10:48:24Z;;2032;-144
2026-09-09T10:48:26Z;;1753;-423
2026-09-09T10:48:29Z;-1784;;-31
2026-09-09T10:48:33Z;-2075;2117;333
2026-09-09T10:48:36Z;;2460;385
2026-09-09T10:48:41Z;-2412;;48
2026-09-09T10:49:08Z;;2700;288
2026-09-09T10:49:15Z;;2699;287
2026-09-09T10:49:16Z;;2700;288
2026-09-09T10:49:23Z;;2690;278
2026-09-09T10:49:25Z;;2702;290
2026-09-09T10:49:27Z;;2699;287
2026-09-09T10:49:29Z;;2705;293
2026-09-09T10:49:31Z;;2695;283
2026-09-09T10:49:39Z;;2703;291
2026-09-09T10:49:41Z;;2695;283
2026-09-09T10:50:05Z;-2427;;268
2026-09-09T10:50:15Z;-2392;;303
2026-09-09T10:50:21Z;-2378;;317
2026-09-09T10:50:25Z;;2364;-14
2026-09-09T10:50:28Z;;2412;34
2026-09-09T10:50:42Z;-2421;;-9
2026-09-09T10:51:08Z;-2396;;16
2026-09-09T10:51:09Z;-2394;;18
2026-09-09T10:51:12Z;-2406;;6
2026-09-09T10:51:14Z;-2410;;2
2026-09-09T10:51:18Z;-2393;;19
2026-09-09T10:53:22Z;;2399;6
2026-09-09T10:53:25Z;;2402;9
2026-09-09T10:53:29Z;;2391;-2
2026-09-09T10:54:58Z;;2400;7
2026-09-09T10:55:57Z;;2396;3
2026-09-09T10:55:59Z;;2408;15
2026-09-09T10:56:09Z;;2396;3
2026-09-09T10:56:11Z;;2412;19
2026-09-09T10:56:17Z;;2395;2
2026-09-09T10:56:19Z;;2413;20
2026-09-09T10:56:43Z;;2393;0
2026-09-09T10:56:50Z;;2403;10
2026-09-09T10:56:51Z;;2399;6
2026-09-09T10:56:55Z;;2404;11
2026-09-09T10:56:59Z;;2397;4
2026-09-09T10:57:01Z;;2410;17
2026-09-09T10:57:27Z;;2395;2
2026-09-09T10:57:29Z;;2404;11
2026-09-09T10:57:36Z;;2399;6
2026-09-09T10:57:39Z;;2401;8
2026-09-09T10:57:43Z;;2394;1
2026-09-09T10:57:48Z;;2400;7
2026-09-09T10:57:52Z;;2398;5
2026-09-09T10:57:54Z;;2407;14
2026-09-09T10:57:56Z;;2394;1
2026-09-09T10:57:57Z;;2406;13
2026-09-09T10:58:03Z;;2397;4
2026-09-09T10:58:05Z;;2404;11
2026-09-09T10:58:07Z;;2398;5
2026-09-09T10:58:33Z;;2403;10
2026-09-09T10:58:35Z;;2395;2
2026-09-09T10:58:37Z;;2405;12
2026-09-09T10:58:39Z;;2394;1
2026-09-09T10:58:59Z;;2401;8
2026-09-09T10:59:03Z;;2390;-3
2026-09-09T10:59:05Z;;2401;8
2026-09-09T10:59:07Z;;2392;-1
2026-09-09T10:59:08Z;;2405;12
2026-09-09T10:59:13Z;;2385;-8
2026-09-09T11:00:03Z;;2401;8
2026-09-09T11:00:05Z;;2390;-3
2026-09-09T11:00:07Z;;2401;8
2026-09-09T11:00:10Z;-2305;2389;-4
2026-09-09T11:00:11Z;;2399;94
2026-09-09T11:00:30Z;;2400;95
2026-09-09T11:00:31Z;;2394;89
2026-09-09T11:00:37Z;;2401;96
2026-09-09T11:00:43Z;;2391;86
2026-09-09T11:00:45Z;;2402;97
2026-09-09T11:00:47Z;;2399;94
2026-09-09T11:01:01Z;;2400;95
2026-09-09T11:01:03Z;;2399;94
2026-09-09T11:01:25Z;;2404;99
2026-09-09T11:01:27Z;;2399;94
2026-09-09T11:01:29Z;;2403;98
2026-09-09T11:01:30Z;;2393;88
2026-09-09T11:01:32Z;;2403;98
2026-09-09T11:01:34Z;;2398;93
2026-09-09T11:02:26Z;;2401;96
2026-09-09T11:02:35Z;;2388;83
2026-09-09T11:02:41Z;;2405;100
2026-09-09T11:02:43Z;;2399;94
2026-09-09T11:02:45Z;;2400;95
2026-09-09T11:02:47Z;;2387;82
2026-09-09T11:03:01Z;;2403;98
2026-09-09T11:03:03Z;;2398;93
2026-09-09T11:03:11Z;;2401;96
2026-09-09T11:03:12Z;;2399;94
2026-09-09T11:03:26Z;;2410;105
2026-09-09T11:03:27Z;;2398;93
2026-09-09T11:03:29Z;;2400;95
2026-09-09T11:03:31Z;;2386;81
2026-09-09T11:03:33Z;;2404;99
2026-09-09T11:06:52Z;;2398;93
2026-09-09T11:06:54Z;;2413;108
2026-09-09T11:07:01Z;;2399;94
2026-09-09T11:07:03Z;;2402;97
2026-09-09T11:07:24Z;;2398;93
2026-09-09T11:07:25Z;;2403;98
2026-09-09T11:07:27Z;;2396;91
2026-09-09T11:07:49Z;;2401;96
2026-09-09T11:07:51Z;;2395;90
2026-09-09T11:07:53Z;;2409;104
2026-09-09T11:07:55Z;;2399;94
2026-09-09T11:07:57Z;;2407;102
2026-09-09T11:07:59Z;;2387;82
2026-09-09T11:09:11Z;;2410;105
2026-09-09T11:11:12Z;;2359;54
2026-09-09T11:11:17Z;-2101;;258
2026-09-09T11:11:20Z;;2095;-6
2026-09-09T11:11:28Z;-1805;;290
2026-09-09T11:11:30Z;;1787;-18
2026-09-09T11:11:32Z;;1800;-5
2026-09-09T11:11:33Z;-1810;;-10
2026-09-09T11:11:38Z;;2113;303
2026-09-09T11:11:42Z;;2040;230
2026-09-09T11:11:48Z;-2132;2153;343
2026-09-09T11:11:51Z;;2415;283
2026-09-09T11:12:23Z;;2344;212
2026-09-09T11:12:25Z;-1975;;369
2026-09-09T11:12:26Z;;1989;14
2026-09-09T11:12:27Z;-1704;;285
2026-09-09T11:12:29Z;;1708;4
2026-09-09T11:12:34Z;-1833;1852;148
2026-09-09T11:12:36Z;;2123;290
2026-09-09T11:12:38Z;;2068;235
2026-09-09T11:12:39Z;-1741;;327
2026-09-09T11:12:40Z;;1721;-20
2026-09-09T11:12:41Z;-1401;;320
2026-09-09T11:12:42Z;;1402;1
2026-09-09T11:12:59Z;-1518;1524;123
2026-09-09T11:13:05Z;-1358;1491;-27
2026-09-09T11:13:07Z;-1098;;393
2026-09-09T11:13:09Z;;1105;7
2026-09-09T11:13:14Z;-910;;195
2026-09-09T11:13:17Z;;881;-29
2026-09-09T11:13:37Z;;909;-1
2026-09-09T11:13:41Z;;885;-25
2026-09-09T11:13:50Z;-850;;35
2026-09-09T11:13:51Z;;917;67
2026-09-09T11:13:53Z;-1149;;-232
2026-09-09T11:13:55Z;;1278;129
2026-09-09T11:13:56Z;-1644;;-366
2026-09-09T11:13:59Z;;1618;-26
2026-09-09T11:14:01Z;;1926;282
2026-09-09T11:14:03Z;-1783;1778;134
2026-09-09T11:14:04Z;-1405;;373
2026-09-09T11:14:05Z;-1225;;553
2026-09-09T11:14:06Z;;1358;133
2026-09-09T11:14:08Z;;1188;-37
2026-09-09T11:14:09Z;-1194;1213;-6
2026-09-09T11:14:17Z;-1530;1519;325
2026-09-09T11:14:19Z;-1817;;-298
2026-09-09T11:14:20Z;;1807;-10
2026-09-09T11:14:22Z;;2147;330
2026-09-09T11:14:25Z;-1840;1993;176
2026-09-09T11:14:27Z;-1473;;520
2026-09-09T11:14:29Z;-1257;;736
2026-09-09T11:14:32Z;-1162;;831
2026-09-09T11:14:36Z;-1623;;370
2026-09-09T11:14:38Z;-1905;;88
2026-09-09T11:14:44Z;-1631;;362
2026-09-09T11:14:45Z;-1438;;555
2026-09-09T11:14:47Z;-1159;;834
2026-09-09T11:14:51Z;-1312;;681
2026-09-09T11:14:53Z;-1578;;415
2026-09-09T11:15:03Z;-1849;;144
2026-09-09T11:15:06Z;;2107;258
2026-09-09T11:15:09Z;;1826;-23
2026-09-09T11:15:10Z;;2095;246
2026-09-09T11:15:12Z;;1598;-251
2026-09-09T11:15:13Z;-2177;;-579
2026-09-09T11:15:16Z;-1894;;-296
2026-09-09T11:15:20Z;;1406;-488
2026-09-09T11:15:22Z;;1182;-712
2026-09-09T11:15:23Z;;1287;-607
2026-09-09T11:15:25Z;;1826;-68
2026-09-09T11:15:27Z;;2111;217
2026-09-09T11:15:29Z;;2409;515
2026-09-09T11:15:39Z;-2409;;0
2026-09-09T11:15:45Z;-2406;;3
2026-09-09T11:15:52Z;;2389;-17
2026-09-09T11:15:53Z;-2078;;311
2026-09-09T11:15:54Z;-1911;;478
2026-09-09T11:15:56Z;-1573;;816
2026-09-09T11:15:57Z;;2086;513
2026-09-09T11:15:58Z;;1733;160
2026-09-09T11:16:00Z;;1473;-100
2026-09-09T11:16:04Z;-1462;;11
2026-09-09T11:16:05Z;;1563;101
2026-09-09T11:16:07Z;-1770;;-207
2026-09-09T11:16:08Z;;1904;134
2026-09-09T11:16:16Z;-2072;2129;359
2026-09-09T11:16:22Z;;2410;338
2026-09-09T11:16:27Z;-2402;;8
2026-09-09T11:16:28Z;-2386;;24
2026-09-09T11:16:45Z;-2401;;9
2026-09-09T11:16:46Z;-2388;;22
2026-09-09T11:16:47Z;-2403;;7
2026-09-09T11:16:51Z;-2397;;13
2026-09-09T11:16:53Z;-2402;;8
2026-09-09T11:16:54Z;-2389;;21
2026-09-09T11:16:58Z;;2373;-16
2026-09-09T11:17:04Z;-2094;;279
2026-09-09T11:17:07Z;;2056;-38
2026-09-09T11:17:11Z;-1813;;243
2026-09-09T11:17:17Z;-1769;;287
2026-09-09T11:17:21Z;-2040;;16
2026-09-09T11:17:22Z;;2161;121
2026-09-09T11:17:26Z;;2403;363
2026-09-09T11:17:29Z;;2392;352
2026-09-09T11:17:34Z;;2405;365
2026-09-09T11:19:02Z;-2401;;4
2026-09-09T11:19:03Z;-2389;;16
2026-09-09T11:19:05Z;-2402;;3
2026-09-09T11:19:07Z;-2390;;15
2026-09-09T11:19:19Z;-2401;;4
2026-09-09T11:19:20Z;-2402;;3
2026-09-09T11:19:27Z;-2403;;2
2026-09-09T11:19:29Z;-2394;;11
2026-09-09T11:19:31Z;-2408;;-3
2026-09-09T11:19:32Z;-2401;;4
2026-09-09T11:19:34Z;-2398;;7
2026-09-09T11:19:43Z;-2385;;20
2026-09-09T11:19:44Z;-2388;;17
2026-09-09T11:19:57Z;-2384;;21
2026-09-09T11:19:58Z;-2386;;19
2026-09-09T11:20:30Z;-2411;;-6
2026-09-09T11:20:33Z;-2402;;3
2026-09-09T11:20:34Z;-2399;;6
2026-09-09T11:20:41Z;-2410;;-5
2026-09-09T11:20:43Z;-2396;;9
2026-09-09T11:20:45Z;-2409;;-4
2026-09-09T11:22:37Z;-2400;;5
2026-09-09T11:22:39Z;-2401;;4
2026-09-09T11:23:43Z;-2459;;-54
2026-09-09T11:23:46Z;-2088;2266;-193
2026-09-09T11:23:48Z;-1805;;461
2026-09-09T11:23:49Z;;2097;292
2026-09-09T11:23:51Z;;1746;-59
2026-09-09T11:23:54Z;-1476;;270
2026-09-09T11:23:56Z;;1480;4
2026-09-09T11:24:06Z;-1443;;37
2026-09-09T11:24:08Z;-1720;1548;105
2026-09-09T11:24:09Z;;1886;166
2026-09-09T11:24:10Z;-2131;;-245
2026-09-09T11:24:11Z;;2305;174
2026-09-09T11:24:12Z;-2444;;-139
2026-09-09T11:24:14Z;;2468;24
2026-09-09T11:24:18Z;-2222;;246
2026-09-09T11:24:19Z;-1966;2181;502
2026-09-09T11:24:21Z;;1915;-51
2026-09-09T11:24:23Z;;1655;-311
2026-09-09T11:24:24Z;-1497;1472;158
2026-09-09T11:24:26Z;;1145;-352
2026-09-09T11:24:30Z;-1225;;-80
2026-09-09T11:24:37Z;-868;;277
2026-09-09T11:24:38Z;;897;29
2026-09-09T11:25:02Z;;909;41
2026-09-09T11:25:04Z;-919;;-10
2026-09-09T11:25:07Z;-896;;13
2026-09-09T11:25:10Z;-952;;-43
2026-09-09T11:25:11Z;-1060;;-151
2026-09-09T11:25:13Z;;1427;367
2026-09-09T11:25:14Z;-1611;;-184
2026-09-09T11:25:16Z;-1564;;-137
2026-09-09T11:25:17Z;;1620;56
2026-09-09T11:25:18Z;;1388;-176
2026-09-09T11:25:19Z;-1206;;182
2026-09-09T11:25:21Z;;1173;-33
2026-09-09T11:25:23Z;-928;;245
2026-09-09T11:25:26Z;-881;;292
2026-09-09T11:25:29Z;-907;;266
2026-09-09T11:25:31Z;;889;-18
2026-09-09T11:30:07Z;;705;-202
2026-09-09T11:30:12Z;-652;;53
2026-09-09T11:31:40Z;-599;;106
2026-09-09T11:31:42Z;-605;;100
2026-09-09T11:31:49Z;-591;;114
2026-09-09T11:32:41Z;;594;3
2026-09-09T11:32:43Z;;600;9
2026-09-09T11:32:44Z;;599;8
2026-09-09T11:32:47Z;;600;9
2026-09-09T11:32:49Z;;598;7
2026-09-09T11:34:15Z;-482;;116
2026-09-09T11:34:16Z;-735;;-137
2026-09-09T11:40:53Z;-173;;425
2026-09-09T11:40:54Z;-433;;165
2026-09-09T11:44:22Z;-511;;87
2026-09-09T11:44:23Z;-196;;402
2026-09-09T11:44:26Z;;853;657
2026-09-09T11:44:28Z;;554;358
2026-09-09T11:45:07Z;;566;370
2026-09-09T11:45:10Z;-526;;40
2026-09-09T11:46:22Z;;601;75
2026-09-09T11:46:24Z;;596;70
2026-09-09T11:46:26Z;;601;75
2026-09-09T11:46:28Z;;596;70
2026-09-09T11:46:29Z;;601;75
2026-09-09T11:46:31Z;;597;71
2026-09-09T11:46:33Z;;600;74
2026-09-09T11:46:50Z;;596;70
2026-09-09T11:46:51Z;;600;74
2026-09-09T11:48:15Z;-601;;-1
2026-09-09T11:48:17Z;-599;;1
2026-09-09T11:48:18Z;-600;;0
2026-09-09T11:48:20Z;-590;;10
2026-09-09T11:48:25Z;-601;;-1
2026-09-09T11:48:29Z;-595;;5
2026-09-09T11:48:30Z;-594;;6
2026-09-09T11:48:38Z;-607;;-7
2026-09-09T11:48:41Z;-608;;-8
2026-09-09T11:50:49Z;-644;;-44
2026-09-09T11:55:04Z;-595;;5
2026-09-09T11:55:05Z;-600;;0
2026-09-09T11:55:08Z;-593;;7
2026-09-09T11:55:20Z;-606;;-6
2026-09-09T11:55:23Z;-590;;10
2026-09-09T11:55:58Z;;535;-55
2026-09-09T11:56:00Z;;815;225
2026-09-09T11:56:02Z;;202;-388
2026-09-09T11:56:03Z;;814;224
2026-09-09T11:56:39Z;;533;-57
2026-09-09T11:56:40Z;;884;294
2026-09-09T11:56:59Z;;905;315
2026-09-09T11:58:12Z;-904;;1
2026-09-09T11:58:13Z;-899;;6
2026-09-09T11:58:15Z;-901;;4
2026-09-09T11:59:03Z;;1203;302
2026-09-09T12:00:07Z;;1253;352
2026-09-09T12:00:12Z;-1090;;163
2026-09-09T12:02:41Z;;1198;108
2026-09-09T12:05:09Z;;1213;123
2026-09-09T12:05:23Z;-1167;;46
2026-09-09T12:05:27Z;;1546;379
2026-09-09T12:05:29Z;-1563;;-17
2026-09-09T12:05:31Z;;1826;263
2026-09-09T12:05:33Z;-1563;1797;234
2026-09-09T12:05:37Z;-1171;1400;-163
2026-09-09T12:05:54Z;;1195;24
2026-09-09T12:06:19Z;;1211;40
2026-09-09T12:06:31Z;;1196;25
2026-09-09T12:06:39Z;-900;;296
2026-09-09T12:06:41Z;-904;;292
2026-09-09T12:06:54Z;;1210;306
2026-09-09T12:06:58Z;;1192;288
2026-09-09T12:07:07Z;-909;;283
2026-09-09T12:07:08Z;-899;;293
2026-09-09T12:07:16Z;-902;;290
2026-09-09T12:07:41Z;-908;;284
2026-09-09T12:07:47Z;;1204;296
2026-09-09T12:07:49Z;;1198;290
2026-09-09T12:07:53Z;-893;;305
2026-09-09T12:08:11Z;-899;;299
2026-09-09T12:08:18Z;-896;;302
2026-09-09T12:09:32Z;-884;;314
2026-09-09T12:09:39Z;-894;;304
2026-09-09T12:10:37Z;-904;;294
2026-09-09T12:10:48Z;;1208;304
2026-09-09T12:11:00Z;;1164;260
2026-09-09T12:11:10Z;;1216;312
2026-09-09T12:11:30Z;-1225;1508;604
2026-09-09T12:11:32Z;-1532;;-24
2026-09-09T12:11:35Z;;1811;279
2026-09-09T12:11:48Z;;1790;258
2026-09-09T12:11:50Z;-1522;;268
2026-09-09T12:12:05Z;;1484;-38
2026-09-09T12:12:07Z;-1171;;313
2026-09-09T12:12:17Z;;1183;12
2026-09-09T12:12:32Z;;1213;42
2026-09-09T12:12:37Z;;1194;23
2026-09-09T12:13:06Z;;1205;34
2026-09-09T12:13:09Z;-1191;;14
2026-09-09T12:13:13Z;;1522;331
2026-09-09T12:13:20Z;;1475;284
2026-09-09T12:13:22Z;-1203;;272
2026-09-09T12:13:27Z;;1182;-21
2026-09-09T12:13:29Z;-917;;265
2026-09-09T12:15:07Z;;942;25
2026-09-09T12:15:10Z;-779;;163
2026-09-09T12:15:22Z;-888;;54
2026-09-09T12:15:26Z;;1208;320
2026-09-09T12:15:29Z;-1236;;-28
2026-09-09T12:15:30Z;;933;-303
2026-09-09T12:15:31Z;;1454;218
2026-09-09T12:15:34Z;;1518;282
2026-09-09T12:15:38Z;;1496;260
2026-09-09T12:15:42Z;-1187;;309
2026-09-09T12:15:50Z;;1181;-6
2026-09-09T12:16:10Z;-902;;279
2026-09-09T12:16:38Z;-900;;281
2026-09-09T12:16:40Z;-898;;283
2026-09-09T12:16:41Z;-914;;267
2026-09-09T12:17:13Z;;1230;316
2026-09-09T12:17:18Z;-1229;;1
2026-09-09T12:17:25Z;;1515;286
2026-09-09T12:17:26Z;-1502;;13
2026-09-09T12:17:33Z;;1834;332
2026-09-09T12:17:35Z;-1814;;20
2026-09-09T12:17:45Z;-1801;;33
2026-09-09T12:17:49Z;-1807;;27
2026-09-09T12:18:05Z;;2102;295
2026-09-09T12:18:20Z;-2092;;10
2026-09-09T12:18:41Z;-2087;;15
2026-09-09T12:18:46Z;;2097;10
2026-09-09T12:18:53Z;;2111;24
2026-09-09T12:19:00Z;-2114;;-3
2026-09-09T12:19:27Z;;2404;290
2026-09-09T12:20:23Z;;2365;251
2026-09-09T12:20:49Z;;2422;308
2026-09-09T12:20:51Z;;2396;282
2026-09-09T12:21:11Z;-2034;;362
2026-09-09T12:21:12Z;;2077;43
2026-09-09T12:21:14Z;-1739;;338
2026-09-09T12:21:15Z;;1763;24
2026-09-09T12:21:17Z;-1428;;335
2026-09-09T12:21:18Z;;1447;19
2026-09-09T12:21:20Z;-1165;;282
2026-09-09T12:21:21Z;;1192;27
2026-09-09T12:21:28Z;-1145;;47
2026-09-09T12:21:29Z;;1217;72
2026-09-09T12:21:31Z;-1438;;-221
2026-09-09T12:21:32Z;;1554;116
2026-09-09T12:21:33Z;-1702;;-148
2026-09-09T12:21:34Z;;1840;138
2026-09-09T12:21:37Z;;2149;447
2026-09-09T12:21:41Z;;2088;386
2026-09-09T12:21:53Z;-1764;;324
2026-09-09T12:21:55Z;;1734;-30
2026-09-09T12:21:56Z;-1546;;188
2026-09-09T12:21:58Z;;1480;-66
2026-09-09T12:22:02Z;-1189;;291
2026-09-09T12:22:03Z;-1197;;283
2026-09-09T12:22:13Z;;1522;325
2026-09-09T12:22:16Z;-1519;;3
2026-09-09T12:22:34Z;-1784;1823;304
2026-09-09T12:22:40Z;;2115;331
2026-09-09T12:22:43Z;-2107;;8
2026-09-09T12:22:48Z;-2101;;14
2026-09-09T12:22:52Z;;2084;-17
2026-09-09T12:23:07Z;;2127;26
2026-09-09T12:23:08Z;-2089;;38
2026-09-09T12:25:21Z;-2108;;19
2026-09-09T12:25:23Z;-2102;;25
2026-09-09T12:25:54Z;-2093;;34
2026-09-09T12:26:03Z;;2093;0
2026-09-09T12:26:07Z;-1773;;320
2026-09-09T12:26:09Z;;1785;12
2026-09-09T12:26:17Z;;1829;56
2026-09-09T12:26:18Z;-1834;;-5
2026-09-09T12:26:26Z;-1779;;50
2026-09-09T12:26:33Z;;1783;4
2026-09-09T12:26:39Z;-1501;;282
2026-09-09T12:26:44Z;;1470;-31
2026-09-09T12:26:51Z;-1528;1533;32
2026-09-09T12:26:54Z;;1823;295
2026-09-09T12:26:55Z;-1724;;99
2026-09-09T12:27:01Z;-1747;;76
2026-09-09T12:27:02Z;;1795;48
2026-09-09T12:27:16Z;-1448;;347
2026-09-09T12:27:19Z;-1226;1487;39
2026-09-09T12:27:21Z;;1162;-64
2026-09-09T12:27:27Z;-1184;;-22
2026-09-09T12:27:28Z;;1271;87
2026-09-09T12:27:29Z;-1409;;-138
2026-09-09T12:27:30Z;;1520;111
2026-09-09T12:27:33Z;-1802;1837;428
2026-09-09T12:27:38Z;;2100;298
2026-09-09T12:27:56Z;-2108;;-8
2026-09-09T12:28:04Z;-2089;;11
2026-09-09T12:28:06Z;-2103;;-3
2026-09-09T12:28:14Z;-2086;;14
2026-09-09T12:29:04Z;;2094;8
2026-09-09T12:29:55Z;;2101;15
2026-09-09T12:29:57Z;;2094;8
2026-09-09T12:30:03Z;;2101;15
2026-09-09T12:30:07Z;;2099;13
2026-09-09T12:30:10Z;-2040;;59
2026-09-09T12:30:42Z;;2099;59
2026-09-09T12:30:44Z;;2108;68
2026-09-09T12:30:48Z;;2096;56
2026-09-09T12:30:54Z;;2103;63
2026-09-09T12:30:56Z;;2099;59
2026-09-09T12:45:07Z;;1922;-118
2026-09-09T12:45:10Z;-1852;;70
2026-09-09T12:48:59Z;-1809;;113
2026-09-09T12:49:01Z;-1799;;123
2026-09-09T12:49:08Z;-1798;;124
2026-09-09T12:52:10Z;;1798;0
2026-09-09T12:52:12Z;;1807;9
2026-09-09T12:52:16Z;;1798;0
2026-09-09T12:52:17Z;;1800;2
2026-09-09T12:52:19Z;;1784;-14
2026-09-09T12:52:22Z;;1806;8
2026-09-09T12:52:24Z;;1798;0
2026-09-09T12:52:33Z;;1800;2
2026-09-09T12:52:35Z;;1791;-7
2026-09-09T13:00:07Z;;1686;-112
2026-09-09T13:00:10Z;-1631;;55
2026-09-09T13:00:20Z;;1221;-410
2026-09-09T13:00:22Z;;1698;67
2026-09-09T13:10:36Z;;1260;-371
2026-09-09T13:10:38Z;;1599;-32
2026-09-09T13:11:29Z;-1516;;83
2026-09-09T13:11:31Z;-1380;;219
2026-09-09T13:15:07Z;;1657;277
2026-09-09T13:15:11Z;-1484;;173
2026-09-09T13:16:13Z;-1496;;161
2026-09-09T13:16:34Z;-1488;;169
2026-09-09T13:16:35Z;-1495;;162
2026-09-09T13:24:42Z;-1493;;164
2026-09-09T13:24:47Z;-1508;;149
2026-09-09T13:24:49Z;-1501;;156
2026-09-09T13:24:54Z;-1492;;165
2026-09-09T13:25:02Z;-1498;;159
2026-09-09T13:25:08Z;-1505;;152
2026-09-09T13:25:11Z;-1496;;161
2026-09-09T13:25:18Z;-1503;;154
2026-09-09T13:25:20Z;-1493;;164
2026-09-09T13:25:27Z;-1501;;156
2026-09-09T13:25:41Z;-1504;;153
2026-09-09T13:25:44Z;-1508;;149
2026-09-09T13:25:58Z;-1493;;164
2026-09-09T13:26:00Z;-1501;;156
2026-09-09T13:26:01Z;-1501;;156
2026-09-09T13:26:03Z;-1500;;157
2026-09-09T13:26:05Z;-1494;;163
2026-09-09T13:26:52Z;-1509;;148
2026-09-09T13:26:53Z;-1495;;162
2026-09-09T13:30:07Z;;1666;171
2026-09-09T13:30:12Z;-1478;;188
2026-09-09T13:30:55Z;-657;;1009
2026-09-09T13:30:57Z;-1575;;91
2026-09-09T13:30:58Z;-1467;;199
2026-09-09T13:38:32Z;-1533;;133
2026-09-09T13:41:04Z;-1522;;144
2026-09-09T13:41:05Z;-1648;;18
2026-09-09T13:45:07Z;;1631;-17
2026-09-09T13:45:10Z;-1568;;63
2026-09-09T13:49:25Z;-1496;;135
2026-09-09T13:49:43Z;-1506;;125
2026-09-09T13:49:45Z;-1498;;133
2026-09-09T13:49:47Z;-1504;;127
2026-09-09T13:51:36Z;-1501;;130
2026-09-09T13:51:44Z;-1426;1469;-32
2026-09-09T13:51:48Z;-1522;;-53
2026-09-09T13:51:56Z;;1501;-21
2026-09-09T13:52:08Z;;1498;-24
2026-09-09T13:52:51Z;-1206;;292
2026-09-09T13:52:54Z;-1190;;308
2026-09-09T13:52:59Z;-1199;;299
2026-09-09T13:53:04Z;;1194;-5
2026-09-09T13:53:08Z;;1205;6
2026-09-09T13:53:13Z;;1188;-11
2026-09-09T13:53:26Z;;1219;20
2026-09-09T13:53:28Z;-1189;;30
2026-09-09T13:53:45Z;-1199;;20
2026-09-09T13:53:56Z;;1197;-2
2026-09-09T13:53:58Z;;1204;5
2026-09-09T13:54:10Z;-1189;;15
2026-09-09T13:54:29Z;-1496;1529;340
2026-09-09T13:54:42Z;-1485;;44
2026-09-09T13:54:46Z;;1477;-8
2026-09-09T13:55:03Z;-1212;;265
2026-09-09T13:55:08Z;;1189;-23
2026-09-09T13:55:12Z;;1207;-5
2026-09-09T13:55:13Z;-1186;;21
2026-09-09T13:55:29Z;;1501;315
2026-09-09T13:55:32Z;-1491;;10
2026-09-09T13:55:38Z;-1505;;-4
2026-09-09T13:55:42Z;;1474;-31
2026-09-09T13:56:20Z;;1507;2
2026-09-09T13:56:22Z;-1496;;11
2026-09-09T13:57:03Z;-1493;;14
2026-09-09T13:57:08Z;;1499;6
2026-09-09T13:57:10Z;;1502;9
2026-09-09T13:57:14Z;;1496;3
2026-09-09T13:57:23Z;;1509;16
2026-09-09T13:57:29Z;-1497;;12
2026-09-09T13:58:06Z;-1491;;18
2026-09-09T13:58:11Z;-1494;;15
2026-09-09T13:58:32Z;-1504;;5
2026-09-09T13:58:38Z;-1498;;11
2026-09-09T13:59:01Z;-1502;;7
2026-09-09T13:59:28Z;;1498;-4
2026-09-09T13:59:48Z;-1215;;283
2026-09-09T13:59:51Z;;1196;-19
2026-09-09T14:00:07Z;;1134;-81
2026-09-09T14:00:10Z;-1094;;40
2026-09-09T14:01:07Z;-901;;233
2026-09-09T14:01:11Z;-898;;236
2026-09-09T14:01:25Z;-1185;1215;317
2026-09-09T14:01:32Z;-1171;;44
2026-09-09T14:01:34Z;;1164;-7
2026-09-09T14:01:38Z;-921;;243
2026-09-09T14:01:45Z;;897;-24
2026-09-09T14:01:50Z;-816;;81
2026-09-09T14:01:54Z;-253;;644
2026-09-09T14:02:10Z;;386;133
2026-09-09T14:02:12Z;;841;588
2026-09-09T14:04:45Z;-591;;250
2026-09-09T14:05:18Z;;594;3
2026-09-09T14:05:20Z;;600;9
2026-09-09T14:05:22Z;;597;6
2026-09-09T14:11:56Z;;671;80
2026-09-09T14:11:58Z;;533;-58
2026-09-09T14:13:50Z;;600;9
2026-09-09T14:13:52Z;;592;1
2026-09-09T14:13:53Z;;601;10
2026-09-09T14:14:01Z;;596;5
2026-09-09T14:14:03Z;;610;19
2026-09-09T14:14:04Z;-570;;40
2026-09-09T14:14:05Z;-170;;440
2026-09-09T14:14:09Z;-576;;34
2026-09-09T14:15:07Z;;653;77
2026-09-09T14:15:09Z;-604;;49
2026-09-09T14:15:12Z;-611;;42
2026-09-09T14:15:13Z;-608;;45
2026-09-09T14:15:19Z;-593;;60
2026-09-09T14:15:20Z;-593;;60
2026-09-09T14:15:29Z;-595;;58
2026-09-09T14:15:31Z;-596;;57
2026-09-09T14:15:48Z;-598;;55
2026-09-09T14:15:50Z;-609;;44
2026-09-09T14:16:00Z;-599;;54
2026-09-09T14:16:01Z;-612;;41
2026-09-09T14:20:17Z;;910;298
2026-09-09T14:20:20Z;-890;;20
2026-09-09T14:21:59Z;;569;-321
2026-09-09T14:22:01Z;;1010;120
2026-09-09T14:23:00Z;-900;;110
2026-09-09T14:23:07Z;;893;-7
2026-09-09T14:25:49Z;-600;;293
2026-09-09T14:25:52Z;-601;;292
2026-09-09T14:25:55Z;-600;;293
2026-09-09T14:26:02Z;-599;;294
2026-09-09T14:26:04Z;-593;;300
2026-09-09T14:26:07Z;-599;;294
2026-09-09T14:26:10Z;-596;;297
2026-09-09T14:27:55Z;;599;3
2026-09-09T14:27:57Z;;601;5
2026-09-09T14:28:05Z;;595;-1
2026-09-09T14:28:07Z;;601;5
2026-09-09T14:28:13Z;;599;3
2026-09-09T14:28:22Z;;600;4
2026-09-09T14:28:24Z;;596;0
2026-09-09T14:30:07Z;;561;-35
2026-09-09T14:30:10Z;-514;;47
2026-09-09T14:31:52Z;1646;;2207
2026-09-09T14:32:05Z;;170;1816
2026-09-09T14:32:07Z;;522;2168
2026-09-09T14:42:14Z;;115;1761
2026-09-09T14:42:16Z;;476;2122
2026-09-09T14:44:00Z;-289;;187
2026-09-09T14:44:01Z;-321;;155
2026-09-09T14:44:19Z;-318;;158
2026-09-09T14:44:20Z;-122;;354
2026-09-09T14:45:07Z;;490;368
2026-09-09T14:45:10Z;-327;;163
2026-09-09T14:47:08Z;-303;;187
2026-09-09T14:58:09Z;-379;;111
2026-09-09T14:58:11Z;-120;;370
2026-09-09T14:59:26Z;;202;82
2026-09-09T14:59:27Z;;601;481
2026-09-09T14:59:29Z;;599;479
2026-09-09T14:59:31Z;;603;483
2026-09-09T14:59:34Z;;597;477
2026-09-09T14:59:36Z;;603;483
2026-09-09T14:59:41Z;;598;478
2026-09-09T14:59:43Z;;601;481
2026-09-09T15:00:07Z;;606;486
2026-09-09T15:00:09Z;;592;472
2026-09-09T15:00:11Z;-567;;25
2026-09-09T15:00:13Z;;606;39
2026-09-09T15:00:44Z;-593;;13
2026-09-09T15:00:47Z;-595;;11
2026-09-09T15:00:49Z;-595;;11
2026-09-09T15:01:58Z;-649;;-43
2026-09-09T15:02:00Z;-210;;396
2026-09-09T15:03:13Z;-861;319;109
2026-09-09T15:03:15Z;-1027;;-708
2026-09-09T15:03:16Z;;904;-123
2026-09-09T15:03:17Z;;858;-169
2026-09-09T15:03:28Z;;916;-111
2026-09-09T15:04:44Z;-901;;15
2026-09-09T15:04:46Z;-890;;26
2026-09-09T15:04:49Z;-902;;14
2026-09-09T15:04:52Z;-899;;17
2026-09-09T15:04:59Z;-904;;12
2026-09-09T15:05:01Z;-895;;21
2026-09-09T15:05:03Z;-903;;13
2026-09-09T15:05:06Z;-897;;19
2026-09-09T15:05:08Z;-901;;15
2026-09-09T15:05:09Z;-894;;22
2026-09-09T15:05:46Z;;896;2
2026-09-09T15:05:48Z;;900;6
2026-09-09T15:05:51Z;;899;5
2026-09-09T15:05:53Z;;902;8
2026-09-09T15:05:54Z;;896;2
2026-09-09T15:10:42Z;-610;;286
2026-09-09T15:10:44Z;-597;;299
2026-09-09T15:10:46Z;-601;;295
2026-09-09T15:10:48Z;-593;;303
2026-09-09T15:10:50Z;-602;;294
2026-09-09T15:11:50Z;;597;-5
2026-09-09T15:11:52Z;;605;3
2026-09-09T15:12:12Z;;597;-5
2026-09-09T15:12:16Z;;601;-1
2026-09-09T15:12:18Z;;595;-7
2026-09-09T15:13:51Z;;32;-570
2026-09-09T15:13:52Z;;516;-86
2026-09-09T15:15:07Z;;470;-132
2026-09-09T15:15:10Z;-415;;55
2026-09-09T15:18:20Z;-300;;170
2026-09-09T15:18:23Z;-299;;171
2026-09-09T15:18:27Z;-297;;173
2026-09-09T15:18:34Z;-287;;183
2026-09-09T15:18:36Z;-300;;170
2026-09-09T15:20:02Z;;297;-3
2026-09-09T15:20:04Z;;306;6
2026-09-09T15:20:12Z;;295;-5
2026-09-09T15:20:14Z;;302;2
2026-09-09T15:20:20Z;;299;-1
2026-09-09T15:20:22Z;;301;1
2026-09-09T15:20:24Z;;291;-9
2026-09-09T15:20:26Z;;300;0
2026-09-09T15:20:27Z;;299;-1
2026-09-09T15:20:29Z;;304;4
2026-09-09T15:20:31Z;;298;-2
2026-09-09T15:20:38Z;;302;2
2026-09-09T15:20:40Z;;294;-6
2026-09-09T15:20:48Z;;300;0
2026-09-09T15:20:50Z;;299;-1
2026-09-09T15:23:55Z;-203;;96
2026-09-09T15:23:57Z;-576;505;-277
2026-09-09T15:23:59Z;;259;-317
2026-09-09T15:30:07Z;;206;-370
2026-09-09T15:30:12Z;-164;;42
2026-09-09T15:34:04Z;;0;-164
2026-09-09T15:34:06Z;;178;14
2026-09-09T15:45:07Z;;136;-28
2026-09-09T15:45:11Z;-95;;41
2026-09-09T15:51:46Z;1312;;1448
2026-09-09T15:51:47Z;95;;231
2026-09-09T15:54:17Z;595;;731
2026-09-09T15:54:18Z;105;;241
2026-09-09T16:00:07Z;;39;144
2026-09-09T16:00:11Z;122;;161
2026-09-09T16:04:22Z;141;;180
2026-09-09T16:04:23Z;;0;141
2026-09-09T16:04:24Z;131;;131
2026-09-09T16:04:27Z;;27;158
2026-09-09T16:11:27Z;;0;131
2026-09-09T16:11:29Z;;9;140
2026-09-09T16:14:30Z;;0;131
2026-09-09T16:14:33Z;;8;139
2026-09-09T16:15:07Z;;7;138
2026-09-09T16:15:10Z;150;;157
2026-09-09T16:20:53Z;;0;150
2026-09-09T16:20:55Z;;3;153
2026-09-09T16:21:27Z;;0;150
2026-09-09T16:21:28Z;;1;151
2026-09-09T16:21:35Z;;0;150
2026-09-09T16:21:37Z;;1;151
2026-09-09T16:21:38Z;;0;150
2026-09-09T16:21:40Z;;2;152
2026-09-09T16:21:42Z;;0;150
2026-09-09T16:21:44Z;;1;151
2026-09-09T16:21:46Z;;0;150
2026-09-09T16:21:48Z;;1;151
2026-09-09T16:21:50Z;;0;150
2026-09-09T16:21:51Z;;1;151
2026-09-09T16:21:53Z;;0;150
2026-09-09T16:21:55Z;;1;151
2026-09-09T16:21:56Z;;0;150
2026-09-09T16:21:58Z;;1;151
2026-09-09T16:22:00Z;;0;150
2026-09-09T16:22:02Z;;1;151
2026-09-09T16:22:03Z;;0;150
2026-09-09T16:22:15Z;;1;151
2026-09-09T16:22:16Z;;0;150
2026-09-09T16:22:21Z;;1;151
2026-09-09T16:22:23Z;;0;150
2026-09-09T16:22:28Z;;1;151
2026-09-09T16:22:30Z;;0;150
2026-09-09T16:24:44Z;49;;49
2026-09-09T16:24:46Z;41;;41
2026-09-09T16:26:50Z;;3;44
2026-09-09T16:26:51Z;;0;41
2026-09-09T16:30:07Z;;0;41
2026-09-09T16:30:11Z;51;;51
2026-09-09T16:45:07Z;;0;51
2026-09-09T16:45:11Z;42;;42
2026-09-09T16:57:43Z;308;;308
2026-09-09T16:57:45Z;250;;250
2026-09-09T16:58:45Z;313;;313
2026-09-09T16:58:46Z;250;;250
2026-09-09T17:00:07Z;;0;250
2026-09-09T17:00:11Z;43;;43
2026-09-09T17:10:59Z;1296;;1296
2026-09-09T17:11:00Z;181;;181
2026-09-09T17:15:07Z;;0;181
2026-09-09T17:15:12Z;161;;161
2026-09-09T17:30:12Z;163;;163
2026-09-09T17:30:16Z;;0;163
2026-09-09T17:38:35Z;322;;322
2026-09-09T17:38:37Z;254;;254
2026-09-09T17:39:22Z;315;;315
2026-09-09T17:39:23Z;253;;253
2026-09-09T17:39:29Z;314;;314
2026-09-09T17:39:31Z;248;;248
2026-09-09T17:40:38Z;311;;311
2026-09-09T17:40:40Z;250;;250
2026-09-09T17:45:12Z;41;;41
2026-09-09T17:45:16Z;;0;41
2026-09-09T18:00:11Z;42;;42
2026-09-09T18:00:16Z;;0;42
2026-09-09T18:15:12Z;49;;49
2026-09-09T18:15:16Z;;0;49
2026-09-09T18:30:11Z;41;;41
2026-09-09T18:30:16Z;;0;41
2026-09-09T18:31:06Z;1484;;1484
2026-09-09T18:31:08Z;185;;185
2026-09-09T18:45:12Z;164;;164
2026-09-09T18:45:16Z;;0;164
2026-09-09T19:00:12Z;50;;50
2026-09-09T19:00:16Z;;0;50
2026-09-09T19:15:11Z;42;;42
2026-09-09T19:15:16Z;;0;42
2026-09-09T19:30:11Z;40;;40
2026-09-09T19:30:16Z;;0;40
2026-09-09T19:35:35Z;316;;316
2026-09-09T19:35:37Z;252;;252
2026-09-09T19:36:43Z;310;;310
2026-09-09T19:36:45Z;252;;252
2026-09-09T19:45:11Z;41;;41
2026-09-09T19:45:16Z;;0;41
2026-09-09T19:50:27Z;313;;313
2026-09-09T19:50:29Z;250;;250
2026-09-09T19:51:32Z;2050;;2050
2026-09-09T19:51:33Z;202;;202
2026-09-09T19:55:05Z;365;;365
2026-09-09T19:55:27Z;234;;234
2026-09-09T19:57:00Z;359;;359
2026-09-09T19:57:02Z;296;;296
2026-09-09T19:57:03Z;305;;305
2026-09-09T19:57:04Z;294;;294
2026-09-09T19:57:19Z;340;;340
2026-09-09T19:57:20Z;241;;241
2026-09-09T20:00:11Z;234;;234
2026-09-09T20:00:16Z;;0;234
2026-09-09T20:05:49Z;437;;437
2026-09-09T20:05:52Z;281;;281
2026-09-09T20:06:04Z;2277;;2277
2026-09-09T20:06:16Z;285;;285
2026-09-09T20:06:41Z;541;;541
2026-09-09T20:07:02Z;287;;287
2026-09-09T20:07:25Z;305;;305
2026-09-09T20:07:26Z;298;;298
2026-09-09T20:07:43Z;2034;;2034
2026-09-09T20:07:44Z;2263;;2263
2026-09-09T20:08:04Z;2018;;2018
2026-09-09T20:09:00Z;2118;;2118
2026-09-09T20:09:02Z;1993;;1993
2026-09-09T20:10:49Z;356;;356
2026-09-09T20:11:09Z;293;;293
2026-09-09T20:11:13Z;302;;302
2026-09-09T20:11:20Z;294;;294
2026-09-09T20:11:23Z;302;;302
2026-09-09T20:12:35Z;299;;299
2026-09-09T20:12:36Z;302;;302
2026-09-09T20:15:11Z;302;;302
2026-09-09T20:15:16Z;;0;302
2026-09-09T20:17:57Z;299;;299
2026-09-09T20:17:58Z;300;;300
2026-09-09T20:55:11Z;345;;345
2026-09-09T20:55:14Z;297;;297
2026-09-09T20:55:17Z;300;;300
2026-09-09T20:55:20Z;299;;299
2026-09-09T20:55:23Z;322;;322
2026-09-09T20:55:26Z;296;;296
2026-09-09T20:55:29Z;300;;300
2026-09-09T20:55:32Z;298;;298
2026-09-09T20:55:35Z;300;;300
2026-09-09T20:55:38Z;298;;298
2026-09-09T20:55:41Z;311;;311
2026-09-09T20:55:44Z;180;;180
2026-09-09T20:55:47Z;177;;177
2026-09-09T20:55:50Z;;0;177
2026-09-09T20:55:53Z;182;;182
2026-09-09T20:55:56Z;;0;182
2026-09-09T21:00:13Z;181;;181
2026-09-09T21:00:16Z;;0;181
2026-09-09T21:15:11Z;180;;180
2026-09-09T21:15:16Z;;0;180
2026-09-09T21:15:49Z;471;;471
2026-09-09T21:15:53Z;297;;297
2026-09-09T21:15:58Z;300;;300
2026-09-09T21:16:58Z;299;;299
2026-09-09T21:17:02Z;322;;322
2026-09-09T21:17:05Z;299;;299
2026-09-09T21:17:08Z;300;;300
2026-09-09T21:17:09Z;299;;299
2026-09-09T21:17:13Z;300;;300
2026-09-09T21:17:38Z;299;;299
2026-09-09T21:17:41Z;300;;300
2026-09-09T21:17:42Z;299;;299
2026-09-09T21:17:43Z;300;;300
2026-09-09T21:17:44Z;299;;299
2026-09-09T21:17:46Z;300;;300
2026-09-09T21:17:47Z;299;;299
2026-09-09T21:17:48Z;300;;300
2026-09-09T21:17:49Z;299;;299
2026-09-09T21:17:50Z;300;;300
2026-09-09T21:17:52Z;299;;299
2026-09-09T21:17:53Z;300;;300
2026-09-09T21:17:54Z;299;;299
2026-09-09T21:17:55Z;300;;300
2026-09-09T21:18:02Z;299;;299
2026-09-09T21:18:03Z;300;;300
2026-09-09T21:22:24Z;637;;637
2026-09-09T21:22:25Z;1983;;1983
2026-09-09T21:23:22Z;307;;307
2026-09-09T21:30:11Z;312;;312
2026-09-09T21:30:16Z;;0;312
2026-09-09T21:33:08Z;294;;294
2026-09-09T21:34:17Z;305;;305
2026-09-09T21:37:11Z;274;;274
2026-09-09T21:45:11Z;112;;112
2026-09-09T21:45:16Z;;0;112
2026-09-09T22:00:12Z;114;;114
2026-09-09T22:00:16Z;;0;114
2026-09-09T22:15:11Z;111;;111
2026-09-09T22:15:16Z;;0;111
2026-09-09T22:30:11Z;113;;113
2026-09-09T22:30:16Z;;0;113
2026-09-09T22:35:52Z;1442;;1442
2026-09-09T22:35:53Z;255;;255
2026-09-09T22:45:13Z;239;;239
2026-09-09T22:45:16Z;;0;239
2026-09-09T23:00:11Z;235;;235
2026-09-09T23:00:16Z;;0;235
2026-09-09T23:15:11Z;114;;114
2026-09-09T23:15:16Z;;0;114
2026-09-09T23:30:11Z;112;;112
2026-09-09T23:30:16Z;;0;112
2026-09-09T23:45:12Z;113;;113
2026-09-09T23:45:16Z;;0;113
2026-09-09T23:55:53Z;1246;;1246
2026-09-09T23:55:54Z;250;;250