timestamp;P_ex;P_pr;P_load
2024-06-26T00:00:05Z;;0;40
2024-06-26T00:00:09Z;39;;39
2024-06-26T00:15:04Z;;0;39
2024-06-26T00:15:09Z;41;;41
2024-06-26T00:27:36Z;1515;;1515
2024-06-26T00:27:37Z;186;;186
2024-06-26T00:30:04Z;;0;186
2024-06-26T00:30:10Z;160;;160
2024-06-26T00:45:05Z;;0;160
2024-06-26T00:45:09Z;160;;160
2024-06-26T01:00:05Z;;0;160
2024-06-26T01:00:09Z;40;;40
2024-06-26T01:15:04Z;;0;40
2024-06-26T01:15:09Z;40;;40
2024-06-26T01:30:04Z;;0;40
2024-06-26T01:30:09Z;40;;40
2024-06-26T01:45:04Z;;0;40
2024-06-26T01:45:09Z;161;;161
2024-06-26T02:00:04Z;;0;161
2024-06-26T02:00:09Z;40;;40
2024-06-26T02:15:04Z;;0;40
2024-06-26T02:15:09Z;41;;41
2024-06-26T02:30:04Z;;0;41
2024-06-26T02:30:09Z;41;;41
2024-06-26T02:38:59Z;1495;;1495
2024-06-26T02:39:00Z;185;;185
2024-06-26T02:45:04Z;;0;185
2024-06-26T02:45:09Z;164;;164
2024-06-26T03:00:04Z;;0;164
2024-06-26T03:00:09Z;40;;40
2024-06-26T03:15:04Z;;0;40
2024-06-26T03:15:09Z;40;;40
2024-06-26T03:30:04Z;;0;40
2024-06-26T03:30:09Z;41;;41
2024-06-26T03:44:11Z;;8;49
2024-06-26T03:44:13Z;;0;41
2024-06-26T03:45:04Z;;0;41
2024-06-26T03:45:09Z;36;;36
2024-06-26T03:45:18Z;2075;;2075
2024-06-26T03:45:19Z;200;;200
2024-06-26T03:45:22Z;;1;201
2024-06-26T03:45:24Z;;0;200
2024-06-26T03:45:26Z;;1;201
2024-06-26T03:45:28Z;;0;200
2024-06-26T03:45:29Z;;1;201
2024-06-26T03:45:31Z;;0;200
2024-06-26T03:45:39Z;;1;201
2024-06-26T03:45:41Z;;0;200
2024-06-26T03:45:43Z;;1;201
2024-06-26T03:45:45Z;;0;200
2024-06-26T03:45:47Z;;1;201
2024-06-26T03:45:50Z;;0;200
2024-06-26T03:45:52Z;;1;201
2024-06-26T03:45:56Z;;0;200
2024-06-26T03:45:58Z;;1;201
2024-06-26T03:46:00Z;;0;200
2024-06-26T03:46:02Z;;1;201
2024-06-26T03:46:05Z;;0;200
2024-06-26T03:46:07Z;;1;201
2024-06-26T03:46:24Z;;0;200
2024-06-26T03:46:26Z;;1;201
2024-06-26T03:49:19Z;;0;200
2024-06-26T03:49:22Z;;6;206
2024-06-26T04:00:04Z;;43;243
2024-06-26T04:00:09Z;111;;154
2024-06-26T04:03:24Z;98;;141
2024-06-26T04:15:09Z;-166;;-123
2024-06-26T04:24:17Z;;300;134
2024-06-26T04:24:19Z;;296;130
2024-06-26T04:24:21Z;;303;137
2024-06-26T04:24:23Z;;298;132
2024-06-26T04:24:28Z;;299;133
2024-06-26T04:24:33Z;;294;128
2024-06-26T04:24:35Z;;302;136
2024-06-26T04:24:43Z;;298;132
2024-06-26T04:24:45Z;;307;141
2024-06-26T04:26:23Z;-297;;10
2024-06-26T04:26:25Z;-303;;4
2024-06-26T04:26:33Z;-295;;12
2024-06-26T04:26:35Z;-301;;6
2024-06-26T04:26:40Z;-299;;8
2024-06-26T04:26:51Z;-306;;1
2024-06-26T04:26:53Z;-298;;9
2024-06-26T04:30:04Z;;387;89
2024-06-26T04:30:07Z;-361;;26
2024-06-26T04:30:08Z;-357;;30
2024-06-26T04:30:11Z;-357;;30
2024-06-26T04:45:04Z;;548;191
2024-06-26T04:45:09Z;-484;;64
2024-06-26T04:45:42Z;-220;;328
2024-06-26T04:45:43Z;-513;;35
2024-06-26T04:47:51Z;;600;87
2024-06-26T04:47:53Z;;599;86
2024-06-26T04:47:55Z;;601;88
2024-06-26T04:47:58Z;;597;84
2024-06-26T04:48:00Z;;603;90
2024-06-26T04:48:06Z;;599;86
2024-06-26T04:48:08Z;;600;87
2024-06-26T04:48:16Z;;599;86
2024-06-26T04:48:18Z;;604;91
2024-06-26T04:48:24Z;;594;81
2024-06-26T04:49:01Z;;600;87
2024-06-26T04:49:03Z;;596;83
2024-06-26T04:49:54Z;;603;90
2024-06-26T04:50:27Z;-596;;7
2024-06-26T04:51:03Z;294;;897
2024-06-26T04:54:51Z;-536;;67
2024-06-26T04:54:52Z;-205;;398
2024-06-26T04:56:22Z;;581;376
2024-06-26T04:56:31Z;-297;;284
2024-06-26T04:56:38Z;-303;;278
2024-06-26T04:56:53Z;;606;303
2024-06-26T04:57:27Z;;596;293
2024-06-26T04:57:33Z;-301;;295
2024-06-26T04:57:41Z;-299;;297
2024-06-26T04:57:52Z;;602;303
2024-06-26T04:57:55Z;;580;281
2024-06-26T04:58:44Z;;607;308
2024-06-26T04:59:03Z;;295;-4
2024-06-26T04:59:05Z;;663;364
2024-06-26T04:59:13Z;-594;;69
2024-06-26T05:00:04Z;;829;235
2024-06-26T05:00:09Z;-668;;161
2024-06-26T05:01:09Z;-589;;240
2024-06-26T05:01:24Z;-584;;245
2024-06-26T05:01:39Z;-605;;224
2024-06-26T05:01:58Z;;597;-8
2024-06-26T05:02:04Z;;603;-2
2024-06-26T05:02:35Z;-589;;14
2024-06-26T05:03:15Z;;911;322
2024-06-26T05:04:26Z;;306;-283
2024-06-26T05:04:28Z;;940;351
2024-06-26T05:05:57Z;;422;-167
2024-06-26T05:05:59Z;;960;371
2024-06-26T05:08:41Z;;692;103
2024-06-26T05:08:43Z;;979;390
2024-06-26T05:08:59Z;-939;;40
2024-06-26T05:09:43Z;-932;;47
2024-06-26T05:09:45Z;-899;;80
2024-06-26T05:10:01Z;-905;;74
2024-06-26T05:10:03Z;-896;;83
2024-06-26T05:10:09Z;-894;;85
2024-06-26T05:10:11Z;-895;;84
2024-06-26T05:10:33Z;-918;;61
2024-06-26T05:10:34Z;-897;;82
2024-06-26T05:11:00Z;-897;;82
2024-06-26T05:11:54Z;;899;2
2024-06-26T05:11:56Z;;903;6
2024-06-26T05:11:58Z;;870;-27
2024-06-26T05:12:00Z;-969;;-99
2024-06-26T05:12:01Z;-855;;15
2024-06-26T05:15:04Z;;660;-195
2024-06-26T05:15:09Z;-407;;253
2024-06-26T05:15:12Z;-602;;58
2024-06-26T05:15:59Z;;593;-9
2024-06-26T05:16:01Z;;600;-2
2024-06-26T05:16:03Z;;599;-3
2024-06-26T05:16:05Z;;604;2
2024-06-26T05:16:07Z;;598;-4
2024-06-26T05:21:43Z;;602;0
2024-06-26T05:21:54Z;-597;;5
2024-06-26T05:22:09Z;-601;;1
2024-06-26T05:22:18Z;-583;;19
2024-06-26T05:22:19Z;-108;;494
2024-06-26T05:22:27Z;-598;;4
2024-06-26T05:22:59Z;-601;;1
2024-06-26T05:23:00Z;-598;;4
2024-06-26T05:23:27Z;;908;310
2024-06-26T05:23:31Z;-902;;6
2024-06-26T05:23:39Z;-579;;329
2024-06-26T05:23:40Z;-971;;-63
2024-06-26T05:24:37Z;-1124;;-216
2024-06-26T05:24:38Z;-648;;260
2024-06-26T05:24:44Z;;784;136
2024-06-26T05:24:46Z;;1194;546
2024-06-26T05:24:48Z;;1200;552
2024-06-26T05:24:55Z;;1199;551
2024-06-26T05:26:01Z;;1206;558
2024-06-26T05:28:09Z;;1193;545
2024-06-26T05:28:11Z;;1205;557
2024-06-26T05:28:17Z;;1192;544
2024-06-26T05:28:19Z;;1201;553
2024-06-26T05:28:26Z;;1198;550
2024-06-26T05:28:43Z;;1204;556
2024-06-26T05:28:45Z;;1195;547
2024-06-26T05:28:47Z;;1204;556
2024-06-26T05:28:49Z;;1199;551
2024-06-26T05:28:51Z;;520;-128
2024-06-26T05:28:53Z;;1207;559
2024-06-26T05:28:55Z;;1199;551
2024-06-26T05:28:56Z;;1207;559
2024-06-26T05:29:13Z;;1192;544
2024-06-26T05:29:15Z;;1205;557
2024-06-26T05:29:24Z;;1193;545
2024-06-26T05:29:26Z;;1214;566
2024-06-26T05:30:04Z;;1215;567
2024-06-26T05:30:08Z;;1208;560
2024-06-26T05:30:09Z;-1161;;47
2024-06-26T05:30:12Z;;1210;49
2024-06-26T05:30:14Z;;1190;29
2024-06-26T05:30:15Z;;1210;49
2024-06-26T05:30:52Z;;1199;38
2024-06-26T05:30:54Z;;1206;45
2024-06-26T05:31:02Z;;1194;33
2024-06-26T05:31:56Z;;1200;39
2024-06-26T05:32:04Z;;1197;36
2024-06-26T05:32:06Z;;1207;46
2024-06-26T05:32:28Z;;788;-373
2024-06-26T05:32:30Z;;1195;34
2024-06-26T05:32:32Z;;1347;186
2024-06-26T05:32:37Z;;1207;46
2024-06-26T05:32:40Z;;1201;40
2024-06-26T05:32:49Z;;1196;35
2024-06-26T05:32:51Z;;1201;40
2024-06-26T05:32:53Z;;1189;28
2024-06-26T05:32:55Z;;1201;40
2024-06-26T05:32:57Z;;1196;35
2024-06-26T05:33:27Z;;1201;40
2024-06-26T05:33:33Z;;1198;37
2024-06-26T05:33:37Z;;1204;43
2024-06-26T05:34:10Z;;955;-206
2024-06-26T05:34:12Z;;1231;70
2024-06-26T05:35:21Z;-1201;;30
2024-06-26T05:35:22Z;-1202;;29
2024-06-26T05:35:24Z;-1199;;32
2024-06-26T05:35:27Z;-1201;;30
2024-06-26T05:35:28Z;-1199;;32
2024-06-26T05:38:42Z;-1191;;40
2024-06-26T05:38:43Z;-1219;;12
2024-06-26T05:40:16Z;-1208;;23
2024-06-26T05:40:17Z;-1198;;33
2024-06-26T05:40:40Z;;914;-284
2024-06-26T05:40:42Z;;1279;81
2024-06-26T05:42:50Z;-1163;;116
2024-06-26T05:42:51Z;-1260;;19
2024-06-26T05:45:01Z;;656;-604
2024-06-26T05:45:03Z;;1342;82
2024-06-26T05:45:06Z;;1343;83
2024-06-26T05:45:09Z;-1297;;46
2024-06-26T05:52:59Z;;1142;-155
2024-06-26T05:53:01Z;;1595;298
2024-06-26T05:53:03Z;;1446;149
2024-06-26T05:54:28Z;;1118;-179
2024-06-26T05:54:30Z;;1472;175
2024-06-26T05:55:17Z;;767;-530
2024-06-26T05:55:19Z;;1472;175
2024-06-26T05:56:18Z;;1501;204
2024-06-26T05:56:20Z;;1499;202
2024-06-26T05:56:27Z;;1502;205
2024-06-26T05:56:34Z;;1494;197
2024-06-26T05:56:36Z;;1503;206
2024-06-26T05:56:44Z;;1497;200
2024-06-26T05:56:49Z;;1501;204
2024-06-26T05:56:52Z;;1498;201
2024-06-26T05:56:54Z;;1502;205
2024-06-26T05:57:20Z;;1495;198
2024-06-26T05:57:22Z;;1495;198
2024-06-26T05:57:36Z;;1496;199
2024-06-26T05:57:38Z;;1500;203
2024-06-26T06:00:04Z;;1555;258
2024-06-26T06:00:09Z;-1362;;193
2024-06-26T06:00:40Z;-982;;573
2024-06-26T06:00:42Z;-1394;;161
2024-06-26T06:03:04Z;;1482;88
2024-06-26T06:03:06Z;;1584;190
2024-06-26T06:03:54Z;;1445;51
2024-06-26T06:03:56Z;;1587;193
2024-06-26T06:10:41Z;;1316;-78
2024-06-26T06:10:43Z;;1610;216
2024-06-26T06:14:48Z;-1491;;119
2024-06-26T06:14:50Z;-1503;;107
2024-06-26T06:14:52Z;-1494;;116
2024-06-26T06:14:54Z;-1506;;104
2024-06-26T06:14:57Z;-1506;;104
2024-06-26T06:14:59Z;-1497;;113
2024-06-26T06:15:01Z;-1508;;102
2024-06-26T06:15:04Z;;1677;169
2024-06-26T06:15:09Z;-1501;;176
2024-06-26T06:15:49Z;-1497;;180
2024-06-26T06:15:51Z;-1513;;164
2024-06-26T06:19:38Z;-1498;;179
2024-06-26T06:19:42Z;;1491;-7
2024-06-26T06:20:01Z;-1198;;293
2024-06-26T06:20:03Z;;1181;-17
2024-06-26T06:20:11Z;-923;;258
2024-06-26T06:20:14Z;;892;-31
2024-06-26T06:21:05Z;;908;-15
2024-06-26T06:21:10Z;-896;;12
2024-06-26T06:21:38Z;;1208;312
2024-06-26T06:21:42Z;-1204;;4
2024-06-26T06:22:02Z;;1508;304
2024-06-26T06:22:06Z;-1492;;16
2024-06-26T06:23:41Z;;1804;312
2024-06-26T06:23:43Z;;1794;302
2024-06-26T06:23:45Z;;1811;319
2024-06-26T06:24:13Z;-1791;;20
2024-06-26T06:26:40Z;;2101;310
2024-06-26T06:26:42Z;;2096;305
2024-06-26T06:26:46Z;;2100;309
2024-06-26T06:28:01Z;-2088;;12
2024-06-26T06:28:04Z;-2091;;9
2024-06-26T06:28:06Z;-2105;;-5
2024-06-26T06:28:08Z;-2094;;6
2024-06-26T06:28:10Z;-2107;;-7
2024-06-26T06:28:11Z;-2108;;-8
2024-06-26T06:28:13Z;-2097;;3
2024-06-26T06:28:18Z;-2084;;16
2024-06-26T06:28:20Z;-2103;;-3
2024-06-26T06:30:04Z;;2228;125
2024-06-26T06:30:09Z;-2139;;89
2024-06-26T06:32:09Z;-2101;;127
2024-06-26T06:32:44Z;;2099;-2
2024-06-26T06:32:46Z;;2101;0
2024-06-26T06:32:48Z;;2095;-6
2024-06-26T06:33:15Z;-1804;;291
2024-06-26T06:33:29Z;;1795;-9
2024-06-26T06:34:28Z;;1499;-305
2024-06-26T06:35:27Z;-1202;;297
2024-06-26T06:35:32Z;-1200;;299
2024-06-26T06:35:33Z;-1201;;298
2024-06-26T06:35:43Z;-1201;;298
2024-06-26T06:35:45Z;-1201;;298
2024-06-26T06:35:50Z;-1213;;286
2024-06-26T06:38:34Z;;1199;-14
2024-06-26T06:40:18Z;-899;;300
2024-06-26T06:40:50Z;;893;-6
2024-06-26T06:45:04Z;;735;-164
2024-06-26T06:45:11Z;-679;;56
2024-06-26T06:48:56Z;-712;;23
2024-06-26T06:48:57Z;-594;235;-477
2024-06-26T06:49:01Z;;754;160
2024-06-26T06:49:07Z;;591;-3
2024-06-26T06:49:09Z;;750;156
2024-06-26T06:49:11Z;;532;-62
2024-06-26T06:49:12Z;;760;166
2024-06-26T07:00:04Z;;829;235
2024-06-26T07:00:09Z;-795;;34
2024-06-26T07:03:49Z;;355;-440
2024-06-26T07:03:51Z;;798;3
2024-06-26T07:04:06Z;-775;;23
2024-06-26T07:04:07Z;-356;;442
2024-06-26T07:04:42Z;894;;1692
2024-06-26T07:04:43Z;-630;;168
2024-06-26T07:07:53Z;;896;266
2024-06-26T07:08:02Z;;889;259
2024-06-26T07:08:04Z;;901;271
2024-06-26T07:13:42Z;;486;-144
2024-06-26T07:13:44Z;;943;313
2024-06-26T07:15:04Z;;932;302
2024-06-26T07:15:09Z;-757;;175
2024-06-26T07:16:45Z;;898;141
2024-06-26T07:16:47Z;;904;147
2024-06-26T07:17:20Z;;891;134
2024-06-26T07:17:22Z;;905;148
2024-06-26T07:17:28Z;;893;136
2024-06-26T07:17:30Z;;906;149
2024-06-26T07:18:43Z;;715;-42
2024-06-26T07:18:45Z;;931;174
2024-06-26T07:18:51Z;;874;117
2024-06-26T07:18:53Z;;914;157
2024-06-26T07:19:09Z;;896;139
2024-06-26T07:19:11Z;;925;168
2024-06-26T07:19:12Z;;888;131
2024-06-26T07:19:14Z;;926;169
2024-06-26T07:19:43Z;;870;113
2024-06-26T07:19:45Z;;959;202
2024-06-26T07:22:11Z;-902;;57
2024-06-26T07:22:13Z;-898;;61
2024-06-26T07:22:15Z;-907;;52
2024-06-26T07:25:12Z;;1200;293
2024-06-26T07:25:14Z;;1194;287
2024-06-26T07:25:16Z;;1201;294
2024-06-26T07:25:18Z;;1196;289
2024-06-26T07:25:20Z;;1206;299
2024-06-26T07:25:21Z;;1199;292
2024-06-26T07:25:23Z;;1200;293
2024-06-26T07:26:20Z;-1201;;-1
2024-06-26T07:26:26Z;-1204;;-4
2024-06-26T07:26:29Z;-1204;;-4
2024-06-26T07:26:48Z;-1211;;-11
2024-06-26T07:26:50Z;-1200;;0
2024-06-26T07:28:17Z;-1245;;-45
2024-06-26T07:28:26Z;-1191;;9
2024-06-26T07:28:33Z;-1202;;-2
2024-06-26T07:28:38Z;-1239;;-39
2024-06-26T07:30:04Z;;1292;53
2024-06-26T07:30:09Z;-1242;;50
2024-06-26T07:30:28Z;-1200;;92
2024-06-26T07:30:31Z;-1175;;117
2024-06-26T07:33:37Z;;714;-461
2024-06-26T07:33:39Z;;1318;143
2024-06-26T07:34:00Z;-1325;;-7
2024-06-26T07:34:01Z;-1134;;184
2024-06-26T07:34:15Z;;1494;360
2024-06-26T07:34:17Z;-1502;;-8
2024-06-26T07:34:33Z;-1518;;-24
2024-06-26T07:34:43Z;-1494;;0
2024-06-26T07:34:45Z;-1501;;-7
2024-06-26T07:34:47Z;;1497;-4
2024-06-26T07:42:58Z;-1196;;301
2024-06-26T07:42:59Z;-1197;;300
2024-06-26T07:44:07Z;;1517;320
2024-06-26T07:44:10Z;-1517;;0
2024-06-26T07:44:15Z;-670;;847
2024-06-26T07:44:17Z;;1854;1184
2024-06-26T07:44:22Z;;2127;1457
2024-06-26T07:44:24Z;-2149;;-22
2024-06-26T07:44:28Z;;2444;295
2024-06-26T07:44:29Z;-2394;;50
2024-06-26T07:44:34Z;;2700;306
2024-06-26T07:44:41Z;;2697;303
2024-06-26T07:44:50Z;-2446;;251
2024-06-26T07:44:52Z;;2365;-81
2024-06-26T07:45:00Z;-2092;;273
2024-06-26T07:45:04Z;;2171;79
2024-06-26T07:45:05Z;;2080;-12
2024-06-26T07:45:09Z;-2049;;31
2024-06-26T07:45:12Z;-1791;;289
2024-06-26T07:45:16Z;;1784;-7
2024-06-26T07:45:28Z;-1504;;280
2024-06-26T07:45:32Z;-1500;;284
2024-06-26T07:45:57Z;-1495;;289
2024-06-26T07:46:05Z;;1497;2
2024-06-26T07:46:21Z;;1503;8
2024-06-26T07:46:27Z;-1500;;3
2024-06-26T07:46:42Z;-1510;;-7
2024-06-26T07:47:10Z;;1492;-18
2024-06-26T07:51:01Z;;1500;-10
2024-06-26T07:51:03Z;;1498;-12
2024-06-26T07:51:06Z;;1502;-8
2024-06-26T07:52:15Z;-1499;;3
2024-06-26T07:52:20Z;-1501;;1
2024-06-26T07:52:21Z;-1502;;0
2024-06-26T07:55:26Z;-1595;;-93
2024-06-26T07:55:28Z;-1769;;-267
2024-06-26T07:56:20Z;;1795;26
2024-06-26T07:57:04Z;-1498;;297
2024-06-26T07:57:06Z;-1503;;292
2024-06-26T07:57:08Z;-1496;;299
2024-06-26T07:58:38Z;;1497;1
2024-06-26T07:58:40Z;;1505;9
2024-06-26T07:58:48Z;;1494;-2
2024-06-26T07:58:50Z;;1501;5
2024-06-26T07:58:56Z;;1499;3
2024-06-26T08:00:04Z;;1468;-28
2024-06-26T08:00:09Z;-1407;;61
2024-06-26T08:04:10Z;;1502;95
2024-06-26T08:04:46Z;-1502;;0
2024-06-26T08:04:48Z;-1497;;5
2024-06-26T08:04:49Z;-1508;;-6
2024-06-26T08:05:20Z;;1869;361
2024-06-26T08:05:22Z;-1846;;23
2024-06-26T08:05:23Z;-2103;2232;386
2024-06-26T08:05:25Z;;2443;597
2024-06-26T08:05:26Z;-2391;;52
2024-06-26T08:05:30Z;-2393;;50
2024-06-26T08:05:31Z;;2385;-8
2024-06-26T08:05:33Z;;2411;18
2024-06-26T08:05:38Z;-2397;;14
2024-06-26T08:05:50Z;-2357;;54
2024-06-26T08:05:51Z;;2360;3
2024-06-26T08:05:55Z;-2080;;280
2024-06-26T08:05:56Z;;2068;-12
2024-06-26T08:06:00Z;-1803;;265
2024-06-26T08:06:02Z;;1778;-25
2024-06-26T08:06:30Z;;1818;15
2024-06-26T08:06:32Z;-1790;;28
2024-06-26T08:06:37Z;;2142;352
2024-06-26T08:06:38Z;-2107;;35
2024-06-26T08:06:42Z;;2442;335
2024-06-26T08:06:43Z;-2405;;37
2024-06-26T08:06:46Z;;2704;299
2024-06-26T08:06:49Z;-2718;;-14
2024-06-26T08:07:11Z;-2647;;57
2024-06-26T08:07:12Z;;2612;-35
2024-06-26T08:07:14Z;-2327;;285
2024-06-26T08:07:15Z;-2201;;411
2024-06-26T08:07:16Z;;2356;155
2024-06-26T08:07:18Z;;2009;-192
2024-06-26T08:07:20Z;;1756;-445
2024-06-26T08:07:21Z;-1722;;34
2024-06-26T08:07:31Z;-1503;;253
2024-06-26T08:07:36Z;;1484;-19
2024-06-26T08:08:00Z;-1196;;288
2024-06-26T08:08:11Z;;1198;2
2024-06-26T08:08:38Z;-714;;484
2024-06-26T08:08:39Z;-1057;;141
2024-06-26T08:08:41Z;-1282;;-84
2024-06-26T08:08:42Z;-1061;;137
2024-06-26T08:09:42Z;-582;;616
2024-06-26T08:15:04Z;;941;359
2024-06-26T08:15:09Z;-773;;168
2024-06-26T08:18:45Z;-397;;544
2024-06-26T08:18:46Z;-826;;115
2024-06-26T08:21:41Z;-903;;38
2024-06-26T08:21:42Z;-904;;37
2024-06-26T08:21:43Z;-899;;42
2024-06-26T08:21:45Z;-892;;49
2024-06-26T08:22:02Z;-899;;42
2024-06-26T08:22:20Z;-885;;56
2024-06-26T08:22:21Z;-906;;35
2024-06-26T08:22:27Z;-785;;156
2024-06-26T08:22:28Z;-918;792;23
2024-06-26T08:22:30Z;;1097;179
2024-06-26T08:22:34Z;-756;;341
2024-06-26T08:22:35Z;-917;;180
2024-06-26T08:26:13Z;;1201;284
2024-06-26T08:26:15Z;;1197;280
2024-06-26T08:26:17Z;;1202;285
2024-06-26T08:26:19Z;;1199;282
2024-06-26T08:26:21Z;;1200;283
2024-06-26T08:26:23Z;;1197;280
2024-06-26T08:26:25Z;;1203;286
2024-06-26T08:27:39Z;-1105;;98
2024-06-26T08:29:18Z;;1505;400
2024-06-26T08:29:29Z;;1499;394
2024-06-26T08:29:31Z;;1521;416
2024-06-26T08:29:32Z;-1503;;18
2024-06-26T08:29:44Z;;696;-807
2024-06-26T08:29:46Z;;1912;409
2024-06-26T08:29:48Z;-1809;;103
2024-06-26T08:30:00Z;;2113;304
2024-06-26T08:30:04Z;-2094;2092;19
2024-06-26T08:30:09Z;;2431;337
2024-06-26T08:30:11Z;-2094;;337
2024-06-26T08:30:12Z;-2466;;-35
2024-06-26T08:30:13Z;;2709;243
2024-06-26T08:30:16Z;-2739;;-30
2024-06-26T08:30:39Z;-2699;;10
2024-06-26T08:30:43Z;;2666;-33
2024-06-26T08:30:46Z;-2430;;236
2024-06-26T08:30:48Z;-2421;;245
2024-06-26T08:30:51Z;;2734;313
2024-06-26T08:30:53Z;-2774;;-40
2024-06-26T08:30:54Z;;3024;250
2024-06-26T08:30:56Z;-3032;;-8
2024-06-26T08:31:36Z;-2992;;32
2024-06-26T08:31:37Z;;2976;-16
2024-06-26T08:31:39Z;-2669;;307
2024-06-26T08:31:40Z;;2688;19
2024-06-26T08:31:44Z;;2719;50
2024-06-26T08:31:46Z;-2474;2654;245
2024-06-26T08:31:48Z;;2306;-168
2024-06-26T08:31:50Z;-1970;;336
2024-06-26T08:31:52Z;;1988;18
2024-06-26T08:32:02Z;-1885;;103
2024-06-26T08:32:04Z;;1772;-113
2024-06-26T08:32:10Z;-1456;1484;316
2024-06-26T08:32:30Z;-1169;;315
2024-06-26T08:32:32Z;;1196;27
2024-06-26T08:34:27Z;;1210;41
2024-06-26T08:34:29Z;-1227;;-17
2024-06-26T08:34:33Z;-1443;1538;-233
2024-06-26T08:34:37Z;;1840;397
2024-06-26T08:34:40Z;;1777;334
2024-06-26T08:34:47Z;-1444;1476;333
2024-06-26T08:34:52Z;-1454;1542;22
2024-06-26T08:34:54Z;;1878;424
2024-06-26T08:34:55Z;-1965;;-87
2024-06-26T08:35:00Z;;2414;449
2024-06-26T08:35:01Z;-2568;3026;-154
2024-06-26T08:35:03Z;-2514;2867;299
2024-06-26T08:35:05Z;;2535;21
2024-06-26T08:35:06Z;-2768;2211;-233
2024-06-26T08:35:08Z;-2253;;-42
2024-06-26T08:35:09Z;;2715;462
2024-06-26T08:35:20Z;-1767;;948
2024-06-26T08:35:21Z;;1714;-53
2024-06-26T08:35:24Z;;1861;94
2024-06-26T08:35:25Z;-1890;;-29
2024-06-26T08:35:26Z;;2022;132
2024-06-26T08:35:28Z;;2404;514
2024-06-26T08:35:30Z;;2788;898
2024-06-26T08:35:31Z;-2069;3094;1204
2024-06-26T08:35:33Z;-2485;;609
2024-06-26T08:35:34Z;-2708;;386
2024-06-26T08:35:37Z;-2629;2905;465
2024-06-26T08:35:42Z;-2721;3090;369
2024-06-26T08:35:44Z;-2807;;283
2024-06-26T08:35:45Z;;2851;44
2024-06-26T08:35:47Z;;2552;-255
2024-06-26T08:35:49Z;;2232;-575
2024-06-26T08:35:50Z;;1998;-809
2024-06-26T08:35:51Z;-2368;;-370
2024-06-26T08:35:52Z;-2036;;-38
2024-06-26T08:35:53Z;-1884;;114
2024-06-26T08:36:00Z;-1841;;157
2024-06-26T08:36:01Z;;1795;-46
2024-06-26T08:36:04Z;;1909;68
2024-06-26T08:36:05Z;-1986;;-77
2024-06-26T08:36:06Z;;2129;143
2024-06-26T08:36:09Z;-2153;1924;-24
2024-06-26T08:36:10Z;-1931;;-7
2024-06-26T08:36:11Z;-1748;;176
2024-06-26T08:36:13Z;;1775;27
2024-06-26T08:36:14Z;-1907;;-132
2024-06-26T08:36:15Z;-2172;;-397
2024-06-26T08:36:16Z;-2506;;-731
2024-06-26T08:36:17Z;-2801;;-1026
2024-06-26T08:36:19Z;-3033;;-1258
2024-06-26T08:36:28Z;-2977;;-1202
2024-06-26T08:36:30Z;-3061;;-1286
2024-06-26T08:36:49Z;-3304;;-1529
2024-06-26T08:36:50Z;-3294;;-1519
2024-06-26T08:37:00Z;-2993;;-1218
2024-06-26T08:37:01Z;-3026;;-1251
2024-06-26T08:37:05Z;-3311;;-1536
2024-06-26T08:37:19Z;-3267;;-1492
2024-06-26T08:37:20Z;;3004;-263
2024-06-26T08:37:21Z;-2608;;396
2024-06-26T08:37:22Z;;2515;-93
2024-06-26T08:37:24Z;;1993;-615
2024-06-26T08:37:26Z;;1589;-1019
2024-06-26T08:37:27Z;-2103;;-514
2024-06-26T08:37:28Z;;1385;-718
2024-06-26T08:37:31Z;-1388;;-3
2024-06-26T08:37:33Z;-1201;;184
2024-06-26T08:37:35Z;-1203;;182
2024-06-26T08:37:42Z;-1199;;186
2024-06-26T08:37:59Z;;1197;-2
2024-06-26T08:38:09Z;;1201;2
2024-06-26T08:38:29Z;-1207;;-6
2024-06-26T08:38:38Z;;1527;320
2024-06-26T08:38:39Z;-1623;;-96
2024-06-26T08:38:40Z;;1804;181
2024-06-26T08:38:42Z;;2243;620
2024-06-26T08:38:43Z;;2745;1122
2024-06-26T08:38:45Z;;3193;1570
2024-06-26T08:38:47Z;;3470;1847
2024-06-26T08:38:48Z;-2484;;986
2024-06-26T08:38:49Z;-2941;2923;439
2024-06-26T08:38:51Z;-3266;;-343
2024-06-26T08:38:52Z;;2462;-804
2024-06-26T08:38:53Z;;2124;-1142
2024-06-26T08:38:55Z;-2978;1980;-854
2024-06-26T08:38:57Z;;1700;-1278
2024-06-26T08:38:59Z;-2524;;-824
2024-06-26T08:39:00Z;;1473;-1051
2024-06-26T08:39:03Z;-2144;;-671
2024-06-26T08:39:04Z;-1701;;-228
2024-06-26T08:39:05Z;-1442;;31
2024-06-26T08:39:16Z;;1521;79
2024-06-26T08:39:18Z;;1477;35
2024-06-26T08:40:32Z;;1487;45
2024-06-26T08:40:34Z;-1479;;8
2024-06-26T08:40:39Z;;1820;341
2024-06-26T08:40:41Z;;1783;304
2024-06-26T08:40:43Z;;1817;338
2024-06-26T08:40:45Z;-1869;;-52
2024-06-26T08:40:46Z;-1991;2115;-174
2024-06-26T08:40:48Z;;2480;489
2024-06-26T08:40:50Z;-2536;2705;714
2024-06-26T08:40:52Z;-3163;3170;634
2024-06-26T08:40:53Z;;3321;158
2024-06-26T08:40:56Z;-3306;;15
2024-06-26T08:41:08Z;-3275;;46
2024-06-26T08:41:26Z;-3273;;48
2024-06-26T08:41:28Z;;2928;-345
2024-06-26T08:41:29Z;-3140;;-212
2024-06-26T08:41:32Z;;3208;68
2024-06-26T08:41:37Z;;2695;-445
2024-06-26T08:41:38Z;-2656;;39
2024-06-26T08:41:40Z;-2374;;321
2024-06-26T08:41:42Z;-2433;;262
2024-06-26T08:41:44Z;-2379;;316
2024-06-26T08:41:47Z;-2403;;292
2024-06-26T08:41:49Z;;2751;348
2024-06-26T08:41:50Z;-2769;;-18
2024-06-26T08:41:51Z;;3113;344
2024-06-26T08:41:54Z;-3092;3393;21
2024-06-26T08:41:55Z;-3242;;151
2024-06-26T08:42:46Z;-3299;;94
2024-06-26T08:45:04Z;;3309;10
2024-06-26T08:45:09Z;-3188;;121
2024-06-26T08:45:12Z;;3299;111
2024-06-26T08:47:54Z;-2998;;301
2024-06-26T08:47:55Z;-3015;;284
2024-06-26T08:48:09Z;-2996;;303
2024-06-26T08:48:11Z;-3010;;289
2024-06-26T08:48:17Z;-2992;;307
2024-06-26T08:48:19Z;-3005;;294
2024-06-26T08:48:27Z;-2989;;310
2024-06-26T08:48:29Z;-3001;;298
2024-06-26T08:48:37Z;-2992;;307
2024-06-26T08:48:39Z;-3008;;291
2024-06-26T08:48:47Z;-2990;;309
2024-06-26T08:49:04Z;;2972;-18
2024-06-26T08:49:06Z;-2756;;216
2024-06-26T08:49:07Z;;2633;-123
2024-06-26T08:49:09Z;-2356;;277
2024-06-26T08:49:10Z;-2426;;207
2024-06-26T08:49:11Z;;2726;300
2024-06-26T08:49:12Z;-2741;;-15
2024-06-26T08:49:14Z;;3024;283
2024-06-26T08:49:19Z;-3003;;21
2024-06-26T08:49:20Z;-2988;;36
2024-06-26T08:49:26Z;-3002;;22
2024-06-26T08:49:28Z;-2999;;25
2024-06-26T08:49:30Z;-3003;;21
2024-06-26T08:49:31Z;-3020;;4
2024-06-26T08:49:33Z;-3011;;13
2024-06-26T08:49:36Z;-2999;;25
2024-06-26T08:49:37Z;-3022;;2
2024-06-26T08:49:43Z;-3009;;15
2024-06-26T08:49:49Z;;2960;-49
2024-06-26T08:49:52Z;-2687;;273
2024-06-26T08:49:57Z;-2742;;218
2024-06-26T08:50:04Z;-2614;2676;346
2024-06-26T08:50:07Z;-2352;;324
2024-06-26T08:50:08Z;;2295;-57
2024-06-26T08:50:12Z;-2052;;243
2024-06-26T08:50:13Z;-1830;;465
2024-06-26T08:50:17Z;-1491;;804
2024-06-26T08:50:18Z;;2040;549
2024-06-26T08:50:20Z;-1194;1767;846
2024-06-26T08:50:22Z;;1428;234
2024-06-26T08:50:23Z;;1122;-72
2024-06-26T08:50:28Z;-1157;1239;-35
2024-06-26T08:50:37Z;-1182;;57
2024-06-26T08:50:38Z;;1191;9
2024-06-26T08:51:08Z;;1501;319
2024-06-26T08:51:09Z;-1303;;198
2024-06-26T08:51:10Z;;1928;625
2024-06-26T08:51:11Z;-2073;;-145
2024-06-26T08:51:12Z;-1818;2215;110
2024-06-26T08:51:14Z;-1070;;1145
2024-06-26T08:51:15Z;-939;;1276
2024-06-26T08:51:16Z;;1742;803
2024-06-26T08:51:17Z;;1317;378
2024-06-26T08:51:19Z;;1057;118
2024-06-26T08:51:20Z;;891;-48
2024-06-26T08:51:43Z;;953;14
2024-06-26T08:51:44Z;-960;;-7
2024-06-26T08:51:45Z;;1154;194
2024-06-26T08:51:47Z;-1254;;-100
2024-06-26T08:51:49Z;;1586;332
2024-06-26T08:51:50Z;-1564;;22
2024-06-26T08:51:52Z;;1443;-121
2024-06-26T08:51:56Z;-1424;;19
2024-06-26T08:51:58Z;-1625;;-182
2024-06-26T08:51:59Z;-1969;;-526
2024-06-26T08:52:00Z;-2421;;-978
2024-06-26T08:52:01Z;-2747;;-1304
2024-06-26T08:52:02Z;-3016;;-1573
2024-06-26T08:52:04Z;;1522;-1494
2024-06-26T08:52:06Z;;3124;108
2024-06-26T08:52:08Z;;3124;108
2024-06-26T08:52:09Z;;3124;108
2024-06-26T08:52:11Z;;3124;108
2024-06-26T08:52:18Z;-2983;;141
2024-06-26T08:52:24Z;;2961;-22
2024-06-26T08:52:27Z;-2659;;302
2024-06-26T08:52:31Z;;2564;-95
2024-06-26T08:52:32Z;-2404;;160
2024-06-26T08:52:35Z;-2460;;104
2024-06-26T08:52:36Z;-2798;;-234
2024-06-26T08:52:39Z;-3012;;-448
2024-06-26T08:53:12Z;;3066;54
2024-06-26T08:53:14Z;;3066;54
2024-06-26T08:53:28Z;-2999;;67
2024-06-26T08:53:29Z;-3011;;55
2024-06-26T08:53:35Z;-2979;;87
2024-06-26T08:53:37Z;;2997;18
2024-06-26T08:53:39Z;-2593;;404
2024-06-26T08:53:40Z;;2639;46
2024-06-26T08:53:43Z;-2347;;292
2024-06-26T08:53:45Z;-2436;;203
2024-06-26T08:53:46Z;-2707;2762;326
2024-06-26T08:53:49Z;;3039;332
2024-06-26T08:53:50Z;-3033;;6
2024-06-26T08:53:55Z;-2989;;50
2024-06-26T08:53:56Z;;2974;-15
2024-06-26T08:54:00Z;;3000;11
2024-06-26T08:54:01Z;-3017;;-17
2024-06-26T08:54:12Z;-3003;;-3
2024-06-26T08:54:15Z;-3003;;-3
2024-06-26T08:54:18Z;-2990;;10
2024-06-26T08:54:22Z;;2924;-66
2024-06-26T08:54:24Z;-2676;;248
2024-06-26T08:54:25Z;;2693;17
2024-06-26T08:54:28Z;;2745;69
2024-06-26T08:54:29Z;-2768;;-23
2024-06-26T08:54:33Z;-2668;;77
2024-06-26T08:54:35Z;;2636;-32
2024-06-26T08:54:37Z;;2721;53
2024-06-26T08:54:39Z;-2763;;-42
2024-06-26T08:54:43Z;;2927;164
2024-06-26T08:54:46Z;-3051;;-124
2024-06-26T08:58:44Z;-2979;;-52
2024-06-26T08:58:45Z;;2932;-47
2024-06-26T08:58:46Z;-2750;;182
2024-06-26T08:58:47Z;;2688;-62
2024-06-26T08:58:49Z;-2392;;296
2024-06-26T08:58:50Z;;2222;-170
2024-06-26T08:58:51Z;-2041;;181
2024-06-26T08:58:52Z;;2072;31
2024-06-26T08:58:54Z;-2102;2228;-30
2024-06-26T08:58:56Z;;2550;448
2024-06-26T08:58:58Z;-2410;;140
2024-06-26T08:58:59Z;-2813;;-263
2024-06-26T08:59:00Z;;2705;-108
2024-06-26T08:59:02Z;;3077;264
2024-06-26T08:59:06Z;-3026;;51
2024-06-26T09:00:04Z;;3256;230
2024-06-26T09:00:09Z;-3137;;119
2024-06-26T09:02:41Z;-2980;;276
2024-06-26T09:02:42Z;;2962;-18
2024-06-26T09:02:49Z;-2676;;286
2024-06-26T09:02:50Z;;2624;-52
2024-06-26T09:02:52Z;-2398;;226
2024-06-26T09:02:54Z;-2403;;221
2024-06-26T09:02:55Z;-2396;;228
2024-06-26T09:02:56Z;-2386;;238
2024-06-26T09:02:59Z;;2766;380
2024-06-26T09:03:00Z;-2773;;-7
2024-06-26T09:03:01Z;;3060;287
2024-06-26T09:03:04Z;-2920;;140
2024-06-26T09:03:08Z;;3300;380
2024-06-26T09:03:17Z;;3289;369
2024-06-26T09:03:24Z;-2909;2947;380
2024-06-26T09:03:26Z;;2689;-220
2024-06-26T09:03:28Z;;2171;-738
2024-06-26T09:03:29Z;;2047;-862
2024-06-26T09:03:33Z;-2686;;-639
2024-06-26T09:03:34Z;-2156;;-109
2024-06-26T09:03:36Z;-1997;;50
2024-06-26T09:03:40Z;-1972;2100;75
2024-06-26T09:03:42Z;;2418;446
2024-06-26T09:03:46Z;;2383;411
2024-06-26T09:03:48Z;-2471;2306;-88
2024-06-26T09:03:50Z;;2776;305
2024-06-26T09:03:52Z;;2721;250
2024-06-26T09:03:56Z;-2670;2816;51
2024-06-26T09:03:58Z;;3115;445
2024-06-26T09:04:00Z;-3046;;69
2024-06-26T09:04:07Z;-2974;;141
2024-06-26T09:04:08Z;;2994;20
2024-06-26T09:04:14Z;;3079;105
2024-06-26T09:04:15Z;-3035;;44
2024-06-26T09:05:39Z;-2976;;103
2024-06-26T09:05:42Z;;2973;-3
2024-06-26T09:05:49Z;;3082;106
2024-06-26T09:05:50Z;-3027;;55
2024-06-26T09:08:23Z;-2997;;85
2024-06-26T09:09:14Z;;2907;-90
2024-06-26T09:09:15Z;-2625;;282
2024-06-26T09:09:16Z;;2616;-9
2024-06-26T09:09:17Z;;2336;-289
2024-06-26T09:09:19Z;-2337;;-1
2024-06-26T09:09:20Z;-2024;2497;312
2024-06-26T09:09:21Z;-2177;;320
2024-06-26T09:09:22Z;-2535;;-38
2024-06-26T09:09:23Z;;2762;227
2024-06-26T09:09:25Z;;2692;157
2024-06-26T09:09:27Z;;2728;193
2024-06-26T09:09:31Z;-2732;;-4
2024-06-26T09:09:44Z;;3004;272
2024-06-26T09:10:29Z;;2996;264
2024-06-26T09:10:35Z;;3003;271
2024-06-26T09:10:37Z;;2988;256
2024-06-26T09:10:41Z;;3001;269
2024-06-26T09:10:43Z;;2999;267
2024-06-26T09:15:03Z;-2825;;174
2024-06-26T09:15:04Z;;2924;99
2024-06-26T09:15:06Z;-2686;;238
2024-06-26T09:15:09Z;-2631;;293
2024-06-26T09:15:14Z;-2700;;224
2024-06-26T09:15:20Z;-2703;;221
2024-06-26T09:15:22Z;-2704;;220
2024-06-26T09:15:30Z;-2703;;221
2024-06-26T09:15:35Z;-2693;;231
2024-06-26T09:15:37Z;-2708;;216
2024-06-26T09:15:45Z;-2694;;230
2024-06-26T09:15:47Z;-2709;;215
2024-06-26T09:15:55Z;-2699;;225
2024-06-26T09:15:56Z;-2700;;224
2024-06-26T09:15:57Z;-2674;;250
2024-06-26T09:15:59Z;-2700;;224
2024-06-26T09:22:09Z;;3000;300
2024-06-26T09:22:11Z;;2997;297
2024-06-26T09:22:13Z;;3007;307
2024-06-26T09:22:21Z;;2998;298
2024-06-26T09:22:23Z;;3020;320
2024-06-26T09:24:07Z;;2991;291
2024-06-26T09:24:11Z;;3002;302
2024-06-26T09:24:13Z;;2992;292
2024-06-26T09:24:29Z;;3001;301
2024-06-26T09:24:31Z;;2991;291
2024-06-26T09:24:33Z;;3009;309
2024-06-26T09:24:39Z;;2999;299
2024-06-26T09:24:41Z;;3002;302
2024-06-26T09:24:55Z;;2994;294
2024-06-26T09:24:57Z;;3015;315
2024-06-26T09:25:03Z;;2989;289
2024-06-26T09:25:05Z;;3010;310
2024-06-26T09:25:13Z;;2991;291
2024-06-26T09:25:15Z;;3016;316
2024-06-26T09:25:23Z;;2994;294
2024-06-26T09:25:25Z;;3015;315
2024-06-26T09:27:15Z;;2986;286
2024-06-26T09:27:17Z;;3010;310
2024-06-26T09:27:26Z;;3018;318
2024-06-26T09:27:29Z;;3021;321
2024-06-26T09:28:21Z;;2977;277
2024-06-26T09:28:25Z;;3018;318
2024-06-26T09:30:04Z;;3080;380
2024-06-26T09:30:09Z;-2816;;264
2024-06-26T09:32:39Z;;2998;182
2024-06-26T09:32:41Z;;3021;205
2024-06-26T09:32:57Z;;2999;183
2024-06-26T09:32:59Z;;3013;197
2024-06-26T09:33:06Z;;3013;197
2024-06-26T09:33:08Z;;2999;183
2024-06-26T09:33:13Z;;2999;183
2024-06-26T09:33:15Z;;3013;197
2024-06-26T09:33:21Z;;2995;179
2024-06-26T09:33:23Z;;3012;196
2024-06-26T09:33:31Z;;2994;178
2024-06-26T09:33:33Z;;3009;193
2024-06-26T09:33:41Z;;2991;175
2024-06-26T09:33:43Z;;3004;188
2024-06-26T09:33:51Z;;2987;171
2024-06-26T09:33:53Z;;3003;187
2024-06-26T09:34:01Z;;2989;173
2024-06-26T09:34:21Z;-2681;;308
2024-06-26T09:34:24Z;-2888;;101
2024-06-26T09:37:59Z;;2997;109
2024-06-26T09:38:03Z;;2997;109
2024-06-26T09:38:05Z;;3013;125
2024-06-26T09:38:09Z;;2982;94
2024-06-26T09:38:13Z;;3005;117
2024-06-26T09:38:16Z;;3006;118
2024-06-26T09:38:18Z;;2992;104
2024-06-26T09:38:23Z;;2999;111
2024-06-26T09:38:25Z;;3003;115
2024-06-26T09:38:27Z;;2996;108
2024-06-26T09:38:32Z;;2993;105
2024-06-26T09:39:26Z;;2989;101
2024-06-26T09:39:34Z;-2716;;273
2024-06-26T09:39:37Z;-2715;;274
2024-06-26T09:39:40Z;-2699;;290
2024-06-26T09:39:48Z;;2693;-6
2024-06-26T09:39:51Z;-2464;;229
2024-06-26T09:39:52Z;;2369;-95
2024-06-26T09:39:53Z;-2212;;157
2024-06-26T09:39:54Z;;2143;-69
2024-06-26T09:40:17Z;-1740;1775;403
2024-06-26T09:40:24Z;;1824;84
2024-06-26T09:40:26Z;-1839;;-15
2024-06-26T09:40:28Z;-1804;;20
2024-06-26T09:40:29Z;;1768;-36
2024-06-26T09:40:32Z;-1511;;257
2024-06-26T09:40:33Z;;1472;-39
2024-06-26T09:40:35Z;-1270;;202
2024-06-26T09:40:36Z;;1196;-74
2024-06-26T09:40:41Z;-1168;1242;28
2024-06-26T09:40:47Z;-1411;;-169
2024-06-26T09:40:48Z;;1591;180
2024-06-26T09:40:50Z;;1814;403
2024-06-26T09:40:51Z;-1810;;4
2024-06-26T09:40:57Z;-2026;2125;-212
2024-06-26T09:41:08Z;;2458;432
2024-06-26T09:41:09Z;-2423;;35
2024-06-26T09:41:19Z;;2723;300
2024-06-26T09:41:22Z;-2710;;13
2024-06-26T09:41:41Z;;3015;305
2024-06-26T09:42:30Z;;2991;281
2024-06-26T09:42:32Z;;3013;303
2024-06-26T09:43:15Z;;3015;305
2024-06-26T09:43:17Z;;2993;283
2024-06-26T09:43:26Z;;2986;276
2024-06-26T09:43:28Z;;3003;293
2024-06-26T09:43:36Z;;2990;280
2024-06-26T09:43:38Z;;3010;300
2024-06-26T09:43:58Z;;2993;283
2024-06-26T09:44:00Z;;3022;312
2024-06-26T09:45:04Z;;3033;323
2024-06-26T09:45:09Z;-2906;;127
2024-06-26T09:46:02Z;;2997;91
2024-06-26T09:46:04Z;;3018;112
2024-06-26T09:46:10Z;;2999;93
2024-06-26T09:46:12Z;;3001;95
2024-06-26T09:47:06Z;;2991;85
2024-06-26T09:47:08Z;;3021;115
2024-06-26T09:48:24Z;;2997;91
2024-06-26T09:48:26Z;;3020;114
2024-06-26T09:48:34Z;;2997;91
2024-06-26T09:48:36Z;;3019;113
2024-06-26T09:48:44Z;;2999;93
2024-06-26T09:48:46Z;;3021;115
2024-06-26T09:48:55Z;;2999;93
2024-06-26T09:48:56Z;;3000;94
2024-06-26T09:49:24Z;;2995;89
2024-06-26T09:49:26Z;;3018;112
2024-06-26T09:49:34Z;;2995;89
2024-06-26T09:49:36Z;;3018;112
2024-06-26T09:49:44Z;;2992;86
2024-06-26T09:49:46Z;;3018;112
2024-06-26T09:50:50Z;;2999;93
2024-06-26T09:50:52Z;;3023;117
2024-06-26T09:51:19Z;;2874;-32
2024-06-26T09:51:21Z;;3030;124
2024-06-26T09:51:28Z;;2993;87
2024-06-26T09:51:30Z;;3016;110
2024-06-26T09:51:54Z;;2987;81
2024-06-26T09:51:56Z;;3014;108
2024-06-26T09:52:28Z;;2992;86
2024-06-26T09:52:30Z;;3007;101
2024-06-26T09:52:37Z;;2999;93
2024-06-26T09:53:16Z;;3004;98
2024-06-26T09:53:18Z;;2991;85
2024-06-26T09:53:20Z;;3012;106
2024-06-26T09:53:22Z;;2994;88
2024-06-26T09:53:24Z;;3012;106
2024-06-26T09:53:30Z;;2994;88
2024-06-26T09:53:32Z;;2993;87
2024-06-26T09:53:40Z;;2990;84
2024-06-26T09:53:42Z;;3009;103
2024-06-26T09:53:50Z;;2999;93
2024-06-26T09:53:52Z;;3017;111
2024-06-26T09:54:00Z;;2998;92
2024-06-26T09:54:02Z;;3018;112
2024-06-26T09:54:24Z;;2997;91
2024-06-26T09:54:26Z;;3012;106
2024-06-26T09:54:32Z;;2996;90
2024-06-26T09:54:34Z;;3019;113
2024-06-26T09:56:02Z;;2989;83
2024-06-26T09:56:04Z;;3009;103
2024-06-26T09:56:12Z;;2989;83
2024-06-26T09:56:14Z;;3010;104
2024-06-26T09:58:12Z;-2982;;28
2024-06-26T09:58:14Z;-2967;;43
2024-06-26T09:59:24Z;-3004;;6
2024-06-26T09:59:26Z;-2994;;16
2024-06-26T09:59:34Z;-3006;;4
2024-06-26T09:59:36Z;-2996;;14
2024-06-26T09:59:44Z;-3002;;8
2024-06-26T09:59:45Z;-3004;;6
2024-06-26T10:00:04Z;;3078;74
2024-06-26T10:00:09Z;-2992;;86
2024-06-26T10:07:08Z;-3003;;75
2024-06-26T10:07:25Z;-2986;;92
2024-06-26T10:07:30Z;;2947;-39
2024-06-26T10:07:33Z;-2695;;252
2024-06-26T10:07:38Z;-2762;;185
2024-06-26T10:07:41Z;;3019;257
2024-06-26T10:07:43Z;;2916;154
2024-06-26T10:07:45Z;-2560;2600;356
2024-06-26T10:07:47Z;;2280;-280
2024-06-26T10:07:49Z;-2369;;-89
2024-06-26T10:07:50Z;-2074;;206
2024-06-26T10:07:51Z;;2110;36
2024-06-26T10:07:58Z;;2195;121
2024-06-26T10:07:59Z;-2100;;95
2024-06-26T10:08:02Z;;2432;332
2024-06-26T10:08:04Z;-2438;;-6
2024-06-26T10:08:10Z;;2741;303
2024-06-26T10:08:11Z;-2675;;66
2024-06-26T10:08:15Z;;3014;339
2024-06-26T10:08:18Z;-3006;;8
2024-06-26T10:10:20Z;-2941;;73
2024-06-26T10:10:21Z;;2788;-153
2024-06-26T10:10:22Z;-2391;;397
2024-06-26T10:10:23Z;-2072;2371;716
2024-06-26T10:10:25Z;-1553;2074;818
2024-06-26T10:10:27Z;;1548;-5
2024-06-26T10:10:32Z;;1529;-24
2024-06-26T10:10:33Z;-1557;;-9
2024-06-26T10:10:37Z;;1832;275
2024-06-26T10:10:39Z;-1810;;22
2024-06-26T10:10:40Z;-1723;1754;109
2024-06-26T10:10:44Z;;1802;79
2024-06-26T10:10:46Z;-1857;2111;388
2024-06-26T10:10:47Z;-2130;;-328
2024-06-26T10:10:49Z;-2654;;-543
2024-06-26T10:10:50Z;-2766;;-655
2024-06-26T10:10:52Z;-2557;;-446
2024-06-26T10:10:54Z;-2396;;-285
2024-06-26T10:10:56Z;-2452;;-341
2024-06-26T10:10:58Z;-2192;;-81
2024-06-26T10:10:59Z;-1962;;149
2024-06-26T10:11:02Z;-2178;;-67
2024-06-26T10:11:04Z;-2496;;-385
2024-06-26T10:11:06Z;-2734;;-623
2024-06-26T10:11:10Z;-2670;;-559
2024-06-26T10:11:17Z;-2340;;-229
2024-06-26T10:11:20Z;-2478;;-367
2024-06-26T10:11:23Z;-2701;;-590
2024-06-26T10:11:30Z;-2956;;-845
2024-06-26T10:11:34Z;-2918;;-807
2024-06-26T10:11:42Z;-2640;;-529
2024-06-26T10:11:44Z;-2374;;-263
2024-06-26T10:11:46Z;-2007;;104
2024-06-26T10:11:51Z;-2183;;-72
2024-06-26T10:11:53Z;-2512;;-401
2024-06-26T10:11:54Z;-2743;;-632
2024-06-26T10:11:57Z;-3014;;-903
2024-06-26T10:12:01Z;-2999;;-888
2024-06-26T10:12:10Z;-3005;;-894
2024-06-26T10:12:13Z;-2999;;-888
2024-06-26T10:12:14Z;-3003;;-892
2024-06-26T10:12:55Z;-2973;;-862
2024-06-26T10:12:58Z;-2607;;-496
2024-06-26T10:13:00Z;-2390;;-279
2024-06-26T10:13:03Z;-2087;;24
2024-06-26T10:13:07Z;-1726;;385
2024-06-26T10:13:10Z;-1456;;655
2024-06-26T10:13:15Z;-1186;;925
2024-06-26T10:13:31Z;-896;;1215
2024-06-26T10:13:37Z;-925;;1186
2024-06-26T10:13:47Z;-1182;;929
2024-06-26T10:13:50Z;-1594;;517
2024-06-26T10:13:52Z;-1863;;248
2024-06-26T10:13:56Z;-1995;;116
2024-06-26T10:14:00Z;-2542;;-431
2024-06-26T10:14:01Z;-2687;;-576
2024-06-26T10:14:07Z;-2943;;-832
2024-06-26T10:15:08Z;;3303;360
2024-06-26T10:15:10Z;-3062;;241
2024-06-26T10:15:11Z;;3188;126
2024-06-26T10:15:27Z;-3027;;161
2024-06-26T10:15:28Z;-3024;;164
2024-06-26T10:15:30Z;-2987;;201
2024-06-26T10:15:31Z;-3014;;174
2024-06-26T10:15:39Z;-2981;;207
2024-06-26T10:15:43Z;-3006;;182
2024-06-26T10:15:45Z;-2993;;195
2024-06-26T10:19:29Z;;2999;6
2024-06-26T10:19:31Z;;3003;10
2024-06-26T10:30:04Z;;3093;100
2024-06-26T10:30:10Z;-2834;;259
2024-06-26T10:30:45Z;-2749;2959;344
2024-06-26T10:31:00Z;-2676;;283
2024-06-26T10:31:01Z;;3004;328
2024-06-26T10:37:59Z;-2872;;132
2024-06-26T10:38:21Z;-2900;;104
2024-06-26T10:39:03Z;-2652;;352
2024-06-26T10:39:05Z;-2737;;267
2024-06-26T10:39:23Z;-2885;;119
2024-06-26T10:41:21Z;;3300;415
2024-06-26T10:41:28Z;;3295;410
2024-06-26T10:41:30Z;;3305;420
2024-06-26T10:41:32Z;;3204;319
2024-06-26T10:41:34Z;;3318;433
2024-06-26T10:41:45Z;;3309;424
2024-06-26T10:41:49Z;;3112;208
2024-06-26T10:41:50Z;-2904;;405
2024-06-26T10:41:52Z;-2660;;452
2024-06-26T10:41:53Z;-2524;2580;588
2024-06-26T10:41:55Z;;2310;-214
2024-06-26T10:41:56Z;-2151;;159
2024-06-26T10:41:57Z;;2087;-64
2024-06-26T10:42:00Z;-2035;2135;100
2024-06-26T10:42:02Z;;2539;504
2024-06-26T10:42:06Z;-2413;;126
2024-06-26T10:42:08Z;-2527;2195;-332
2024-06-26T10:42:09Z;-1927;;268
2024-06-26T10:42:10Z;;1937;10
2024-06-26T10:42:17Z;-2096;2237;-159
2024-06-26T10:42:19Z;;2468;372
2024-06-26T10:42:21Z;;2388;292
2024-06-26T10:42:23Z;-2418;;-30
2024-06-26T10:42:25Z;-2339;;49
2024-06-26T10:42:26Z;-2147;2056;241
2024-06-26T10:42:29Z;-1691;;365
2024-06-26T10:42:30Z;;1725;34
2024-06-26T10:42:31Z;-1445;;280
2024-06-26T10:42:32Z;;1462;17
2024-06-26T10:42:33Z;-1217;;245
2024-06-26T10:42:36Z;-1218;;244
2024-06-26T10:42:38Z;;1185;-33
2024-06-26T10:42:40Z;;1223;5
2024-06-26T10:42:51Z;;1472;254
2024-06-26T10:42:54Z;;1479;261
2024-06-26T10:43:05Z;-1207;;272
2024-06-26T10:43:08Z;-1198;;281
2024-06-26T10:43:16Z;;1517;319
2024-06-26T10:43:19Z;-1473;;44
2024-06-26T10:43:27Z;;1873;400
2024-06-26T10:43:28Z;-1971;;-98
2024-06-26T10:43:29Z;-2414;;-541
2024-06-26T10:43:30Z;-2925;;-1052
2024-06-26T10:43:31Z;-3226;;-1353
2024-06-26T10:43:32Z;-3314;;-1441
2024-06-26T10:43:34Z;;2125;-1189
2024-06-26T10:43:36Z;;2643;-671
2024-06-26T10:43:38Z;;3152;-162
2024-06-26T10:43:39Z;;3385;71
2024-06-26T10:43:42Z;-3299;;86
2024-06-26T10:43:43Z;-3305;;80
2024-06-26T10:43:45Z;-3298;;87
2024-06-26T10:45:04Z;;3405;107
2024-06-26T10:45:09Z;-3281;;124
2024-06-26T10:45:42Z;;3290;9
2024-06-26T10:45:44Z;;3305;24
2024-06-26T10:45:47Z;;3284;3
2024-06-26T10:45:50Z;;3381;100
2024-06-26T10:45:52Z;;3246;-35
2024-06-26T10:45:53Z;-2973;;273
2024-06-26T10:45:54Z;-2648;2680;598
2024-06-26T10:45:56Z;-2776;;-96
2024-06-26T10:45:57Z;;2734;-42
2024-06-26T10:45:58Z;;3049;273
2024-06-26T10:46:00Z;-2673;2873;97
2024-06-26T10:46:02Z;;2671;-2
2024-06-26T10:46:04Z;;2710;37
2024-06-26T10:46:06Z;;2549;-124
2024-06-26T10:46:07Z;-2319;;230
2024-06-26T10:46:08Z;;2368;49
2024-06-26T10:46:12Z;;2467;148
2024-06-26T10:46:13Z;-2481;;-14
2024-06-26T10:46:14Z;;2619;138
2024-06-26T10:46:16Z;;3022;541
2024-06-26T10:46:17Z;-2808;;214
2024-06-26T10:46:18Z;-3192;;-170
2024-06-26T10:46:20Z;-3312;;-290
2024-06-26T10:46:25Z;-3273;;-251
2024-06-26T10:46:28Z;;3104;-169
2024-06-26T10:46:29Z;-2748;;356
2024-06-26T10:46:30Z;-2461;;643
2024-06-26T10:46:31Z;;2767;306
2024-06-26T10:46:33Z;;2524;63
2024-06-26T10:46:34Z;;2730;269
2024-06-26T10:46:35Z;-2723;;7
2024-06-26T10:46:42Z;-3025;3159;-295
2024-06-26T10:46:46Z;-3040;;119
2024-06-26T10:46:47Z;;2990;-50
2024-06-26T10:46:48Z;-2962;;28
2024-06-26T10:46:49Z;;3122;160
2024-06-26T10:46:51Z;;3343;381
2024-06-26T10:46:53Z;;3295;333
2024-06-26T10:46:57Z;;3307;345
2024-06-26T10:47:01Z;-3301;;6
2024-06-26T10:47:03Z;-3294;;13
2024-06-26T10:47:11Z;-3304;;3
2024-06-26T10:47:33Z;-3299;;8
2024-06-26T10:47:37Z;;3265;-34
2024-06-26T10:47:39Z;-2991;;274
2024-06-26T10:47:41Z;;2927;-64
2024-06-26T10:47:43Z;;3011;20
2024-06-26T10:47:44Z;-3013;;-2
2024-06-26T10:47:47Z;;3329;316
2024-06-26T10:47:51Z;;3255;242
2024-06-26T10:47:54Z;;3302;289
2024-06-26T10:47:56Z;;3275;262
2024-06-26T10:47:59Z;-2973;;302
2024-06-26T10:48:04Z;-3029;;246
2024-06-26T10:48:09Z;;3309;280
2024-06-26T10:50:03Z;-3200;;109
2024-06-26T10:50:04Z;;3056;-144
2024-06-26T10:50:05Z;-3023;;33
2024-06-26T10:50:06Z;;3308;285
2024-06-26T10:50:09Z;;3028;5
2024-06-26T10:50:10Z;-2506;;522
2024-06-26T10:50:11Z;;2508;2
2024-06-26T10:50:12Z;-2674;;-166
2024-06-26T10:50:13Z;-2738;;-230
2024-06-26T10:50:14Z;-2360;2846;108
2024-06-26T10:50:15Z;;2396;36
2024-06-26T10:50:16Z;-2581;;-185
2024-06-26T10:50:17Z;-2361;;35
2024-06-26T10:50:18Z;;2495;134
2024-06-26T10:50:19Z;-1757;2063;738
2024-06-26T10:50:21Z;-1240;1742;823
2024-06-26T10:50:22Z;-1194;;548
2024-06-26T10:50:25Z;;1411;217
2024-06-26T10:50:27Z;;1519;325
2024-06-26T10:50:28Z;-1442;;77
2024-06-26T10:50:31Z;-1695;1808;-176
2024-06-26T10:50:33Z;-2134;2237;-326
2024-06-26T10:50:38Z;-2162;;75
2024-06-26T10:50:40Z;;2037;-125
2024-06-26T10:50:42Z;-1826;;211
2024-06-26T10:50:43Z;;1628;-198
2024-06-26T10:51:00Z;;1818;-8
2024-06-26T10:51:02Z;-1498;1734;236
2024-06-26T10:51:04Z;;1415;-83
2024-06-26T10:51:07Z;-1390;;25
2024-06-26T10:51:08Z;;1617;227
2024-06-26T10:51:14Z;-1492;;125
2024-06-26T10:51:20Z;;1491;-1
2024-06-26T10:51:27Z;;1511;19
2024-06-26T10:51:31Z;;1478;-14
2024-06-26T10:51:48Z;;1570;78
2024-06-26T10:51:50Z;;2069;577
2024-06-26T10:51:51Z;-1625;;444
2024-06-26T10:51:52Z;;2338;713
2024-06-26T10:51:53Z;;2093;468
2024-06-26T10:51:57Z;;2242;617
2024-06-26T10:51:59Z;;2043;418
2024-06-26T10:52:00Z;-1916;;127
2024-06-26T10:52:01Z;-2226;;-183
2024-06-26T10:52:02Z;-2037;;6
2024-06-26T10:52:04Z;-2113;;-70
2024-06-26T10:52:05Z;-2013;;30
2024-06-26T10:52:06Z;-1735;;308
2024-06-26T10:52:07Z;-1879;;164
2024-06-26T10:52:10Z;;2135;256
2024-06-26T10:52:11Z;;2078;199
2024-06-26T10:52:12Z;-2223;;-145
2024-06-26T10:52:13Z;;2120;-103
2024-06-26T10:52:14Z;;2669;446
2024-06-26T10:52:16Z;-2521;2756;533
2024-06-26T10:52:18Z;;2685;164
2024-06-26T10:52:20Z;;2351;-170
2024-06-26T10:52:21Z;-2397;1763;-46
2024-06-26T10:52:22Z;-1775;;-12
2024-06-26T10:52:24Z;-2010;1896;-247
2024-06-26T10:52:26Z;;2122;112
2024-06-26T10:52:28Z;-1942;1979;-31
2024-06-26T10:52:30Z;-1787;;192
2024-06-26T10:52:31Z;;1603;-184
2024-06-26T10:52:32Z;-1410;;569
2024-06-26T10:52:33Z;;1433;23
2024-06-26T10:52:37Z;-1181;;252
2024-06-26T10:52:38Z;;1198;17
2024-06-26T10:53:13Z;;1157;-24
2024-06-26T10:53:18Z;-1210;;-53
2024-06-26T10:53:30Z;;1462;252
2024-06-26T10:53:31Z;-1452;;10
2024-06-26T10:53:33Z;;1794;342
2024-06-26T10:53:36Z;;1778;326
2024-06-26T10:53:39Z;;1818;366
2024-06-26T10:53:40Z;-1867;;-49
2024-06-26T10:53:41Z;;2166;299
2024-06-26T10:53:42Z;-2265;;-447
2024-06-26T10:53:43Z;-2560;;-394
2024-06-26T10:53:44Z;;2403;-157
2024-06-26T10:53:45Z;-3167;2725;-764
2024-06-26T10:53:47Z;;3075;-92
2024-06-26T10:53:49Z;;3324;157
2024-06-26T10:54:42Z;;3298;131
2024-06-26T10:54:44Z;;3301;134
2024-06-26T10:54:46Z;;3298;131
2024-06-26T10:55:09Z;-2967;;331
2024-06-26T10:55:10Z;;2939;-28
2024-06-26T10:55:17Z;;3006;39
2024-06-26T10:55:20Z;-3038;;-32
2024-06-26T10:55:41Z;-2991;;15
2024-06-26T10:55:44Z;;2956;-35
2024-06-26T10:55:47Z;-2640;;316
2024-06-26T10:55:48Z;;2564;-76
2024-06-26T10:55:54Z;-2639;2790;-75
2024-06-26T10:55:57Z;;3014;375
2024-06-26T10:55:59Z;;2914;275
2024-06-26T10:56:02Z;-2681;;233
2024-06-26T10:56:03Z;-2734;;180
2024-06-26T10:56:08Z;;3034;300
2024-06-26T10:56:13Z;-3002;;32
2024-06-26T10:56:15Z;-2982;;52
2024-06-26T10:56:18Z;;2955;-27
2024-06-26T10:56:23Z;;3035;53
2024-06-26T11:00:04Z;;3056;74
2024-06-26T11:00:09Z;-2963;;93
2024-06-26T11:02:15Z;;2999;36
2024-06-26T11:02:25Z;-2660;;339
2024-06-26T11:02:26Z;;2683;23
2024-06-26T11:02:28Z;-2707;2712;-24
2024-06-26T11:02:33Z;;3005;298
2024-06-26T11:02:37Z;;2980;273
2024-06-26T11:02:39Z;;3004;297
2024-06-26T11:02:42Z;;2983;276
2024-06-26T11:02:51Z;;3034;327
2024-06-26T11:02:52Z;-3002;;32
2024-06-26T11:02:56Z;-2995;;39
2024-06-26T11:05:06Z;;2990;-5
2024-06-26T11:05:19Z;;3001;6
2024-06-26T11:05:23Z;;2997;2
2024-06-26T11:05:25Z;;3017;22
2024-06-26T11:05:32Z;;3023;28
2024-06-26T11:05:37Z;-2670;;353
2024-06-26T11:05:40Z;-2308;2275;715
2024-06-26T11:05:41Z;-1896;;379
2024-06-26T11:05:43Z;-1316;1908;12
2024-06-26T11:05:44Z;-980;;928
2024-06-26T11:05:45Z;-894;;1014
2024-06-26T11:05:46Z;;1643;749
2024-06-26T11:05:48Z;;1276;382
2024-06-26T11:05:49Z;;982;88
2024-06-26T11:05:51Z;-1198;;-216
2024-06-26T11:05:53Z;-1358;1268;-376
2024-06-26T11:05:54Z;-1597;;-329
2024-06-26T11:05:55Z;;1727;130
2024-06-26T11:05:56Z;-2162;;-435
2024-06-26T11:05:57Z;;2016;-146
2024-06-26T11:05:59Z;-2407;2270;-391
2024-06-26T11:06:01Z;;2515;108
2024-06-26T11:06:03Z;-2822;2763;-307
2024-06-26T11:06:05Z;;3104;282
2024-06-26T11:06:06Z;-3039;;-276
2024-06-26T11:06:20Z;-2934;2989;170
2024-06-26T11:06:21Z;-2646;;343
2024-06-26T11:06:22Z;-2241;;748
2024-06-26T11:06:23Z;-1689;;1300
2024-06-26T11:06:24Z;-1223;;1766
2024-06-26T11:06:26Z;-1021;;1968
2024-06-26T11:06:27Z;;2666;1645
2024-06-26T11:06:29Z;-878;2209;1331
2024-06-26T11:06:30Z;;1635;757
2024-06-26T11:06:32Z;;1207;329
2024-06-26T11:06:34Z;;1046;168
2024-06-26T11:06:36Z;;890;12
2024-06-26T11:06:50Z;;912;34
2024-06-26T11:06:53Z;-892;;20
2024-06-26T11:06:58Z;-922;;-10
2024-06-26T11:07:01Z;;884;5
2024-06-26T11:07:02Z;-879;;33
2024-06-26T11:07:03Z;;931;52
2024-06-26T11:07:05Z;-1093;;-162
2024-06-26T11:07:06Z;;1294;201
2024-06-26T11:07:08Z;-1537;1649;-243
2024-06-26T11:07:10Z;-2485;;-836
2024-06-26T11:07:11Z;;2099;-386
2024-06-26T11:07:12Z;-3020;;-921
2024-06-26T11:07:15Z;;2685;-335
2024-06-26T11:07:16Z;;3057;37
2024-06-26T11:07:48Z;-2991;;66
2024-06-26T11:07:49Z;-3023;;34
2024-06-26T11:07:51Z;-2986;;71
2024-06-26T11:07:52Z;-3018;;39
2024-06-26T11:07:58Z;-3005;;52
2024-06-26T11:10:52Z;;2965;-40
2024-06-26T11:10:59Z;-2656;;309
2024-06-26T11:11:00Z;;2634;-22
2024-06-26T11:11:05Z;;2748;92
2024-06-26T11:11:07Z;-2719;;29
2024-06-26T11:11:09Z;;3005;286
2024-06-26T11:14:36Z;-2999;;6
2024-06-26T11:14:38Z;-2986;;19
2024-06-26T11:14:40Z;-3001;;4
2024-06-26T11:14:42Z;-2989;;16
2024-06-26T11:14:46Z;-3000;;5
2024-06-26T11:15:04Z;-2986;3123;137
2024-06-26T11:15:06Z;-3003;;120
2024-06-26T11:15:08Z;-2995;;128
2024-06-26T11:15:10Z;-2986;;137
2024-06-26T11:15:11Z;-3003;;120
2024-06-26T11:15:12Z;-2990;;133
2024-06-26T11:15:16Z;-3002;;121
2024-06-26T11:15:29Z;-2981;;142
2024-06-26T11:15:32Z;;2932;-49
2024-06-26T11:15:35Z;-2610;2694;322
2024-06-26T11:15:37Z;;2768;158
2024-06-26T11:15:41Z;-2738;;30
2024-06-26T11:15:43Z;-2694;;74
2024-06-26T11:15:45Z;-2742;;26
2024-06-26T11:15:50Z;;3005;263
2024-06-26T11:15:55Z;;3026;284
2024-06-26T11:15:58Z;;3027;285
2024-06-26T11:16:13Z;;2998;256
2024-06-26T11:16:16Z;;3001;259
2024-06-26T11:16:18Z;;2990;248
2024-06-26T11:16:28Z;;3002;260
2024-06-26T11:16:30Z;;2994;252
2024-06-26T11:16:41Z;;3010;268
2024-06-26T11:16:46Z;;2988;246
2024-06-26T11:16:56Z;;3013;271
2024-06-26T11:17:52Z;-3000;;13
2024-06-26T11:17:54Z;-2997;;16
2024-06-26T11:17:58Z;-3006;;7
2024-06-26T11:19:14Z;-2863;2879;16
2024-06-26T11:19:15Z;-2305;;574
2024-06-26T11:19:16Z;;2264;-41
2024-06-26T11:19:18Z;;2014;-291
2024-06-26T11:19:19Z;-1751;;263
2024-06-26T11:19:20Z;;1779;28
2024-06-26T11:19:21Z;-2100;;-321
2024-06-26T11:19:22Z;;1672;-428
2024-06-26T11:19:24Z;;2233;133
2024-06-26T11:19:25Z;-2507;;-274
2024-06-26T11:19:27Z;;2420;-87
2024-06-26T11:19:28Z;-2458;;-38
2024-06-26T11:19:29Z;;2811;353
2024-06-26T11:19:30Z;-2451;;360
2024-06-26T11:19:31Z;;2419;-32
2024-06-26T11:19:32Z;;1963;-488
2024-06-26T11:19:34Z;-1967;;-4
2024-06-26T11:19:35Z;-1961;2113;2
2024-06-26T11:19:36Z;-2541;;-428
2024-06-26T11:19:39Z;-2754;;-641
2024-06-26T11:19:41Z;-3006;;-893
2024-06-26T11:19:42Z;-2995;;-882
2024-06-26T11:19:45Z;-2998;;-885
2024-06-26T11:20:15Z;-2992;;-879
2024-06-26T11:20:19Z;-3008;;-895
2024-06-26T11:20:23Z;-2994;;-881
2024-06-26T11:20:31Z;;2953;-41
2024-06-26T11:20:34Z;-2425;2432;528
2024-06-26T11:20:36Z;;2096;-329
2024-06-26T11:20:38Z;-1801;;295
2024-06-26T11:20:39Z;;1783;-18
2024-06-26T11:20:44Z;-1558;;225
2024-06-26T11:20:45Z;;1491;-67
2024-06-26T11:20:46Z;-1275;;216
2024-06-26T11:20:47Z;-1180;;311
2024-06-26T11:20:49Z;-1287;;204
2024-06-26T11:20:50Z;-1585;1748;-94
2024-06-26T11:20:52Z;-2437;2233;-689
2024-06-26T11:20:53Z;-2721;;-488
2024-06-26T11:20:54Z;;2599;-122
2024-06-26T11:20:56Z;;2857;136
2024-06-26T11:20:58Z;;3029;308
2024-06-26T11:20:59Z;;2948;227
2024-06-26T11:21:01Z;-3003;3126;-55
2024-06-26T11:22:30Z;;3299;296
2024-06-26T11:22:47Z;;3239;236
2024-06-26T11:22:49Z;;3322;319
2024-06-26T11:23:13Z;;3288;285
2024-06-26T11:23:17Z;-2836;2842;452
2024-06-26T11:23:18Z;-2465;;377
2024-06-26T11:23:20Z;;2495;30
2024-06-26T11:23:22Z;-2301;2349;-116
2024-06-26T11:23:23Z;-2078;;271
2024-06-26T11:23:24Z;-2198;1934;151
2024-06-26T11:23:26Z;-1983;2121;-49
2024-06-26T11:23:28Z;-2126;;-5
2024-06-26T11:23:29Z;;2499;373
2024-06-26T11:23:30Z;-2563;;-64
2024-06-26T11:23:31Z;-2838;;-339
2024-06-26T11:23:32Z;-3005;2712;-126
2024-06-26T11:23:33Z;;3145;140
2024-06-26T11:23:35Z;;3311;306
2024-06-26T11:23:56Z;;3298;293
2024-06-26T11:24:55Z;-2659;2856;639
2024-06-26T11:24:56Z;-3108;;-252
2024-06-26T11:24:57Z;;3221;113
2024-06-26T11:25:29Z;-2734;;487
2024-06-26T11:25:30Z;-3162;;59
2024-06-26T11:25:42Z;;2943;-14
2024-06-26T11:25:43Z;-2957;;264
2024-06-26T11:25:44Z;-2660;;283
2024-06-26T11:25:45Z;;2599;-61
2024-06-26T11:25:46Z;-2378;;221
2024-06-26T11:25:47Z;;2260;-118
2024-06-26T11:25:48Z;-2086;;174
2024-06-26T11:25:49Z;;2020;-66
2024-06-26T11:25:51Z;-1802;;218
2024-06-26T11:25:52Z;;1777;-25
2024-06-26T11:26:03Z;-1496;;281
2024-06-26T11:26:04Z;;1444;-52
2024-06-26T11:26:09Z;;1521;25
2024-06-26T11:26:10Z;-1553;;-32
2024-06-26T11:26:13Z;-1430;1455;91
2024-06-26T11:26:16Z;;1126;-304
2024-06-26T11:26:17Z;-1191;;-65
2024-06-26T11:26:20Z;-890;;236
2024-06-26T11:26:22Z;;888;-2
2024-06-26T11:27:39Z;39;;927
2024-06-26T11:27:41Z;-3010;;-2122
2024-06-26T11:27:42Z;;1573;-1437
2024-06-26T11:27:45Z;;1863;-1147
2024-06-26T11:27:48Z;;2187;-823
2024-06-26T11:27:51Z;;2547;-463
2024-06-26T11:27:53Z;;3262;252
2024-06-26T11:27:54Z;;2797;-213
2024-06-26T11:27:57Z;-1592;;1205
2024-06-26T11:27:58Z;;3301;1709
2024-06-26T11:28:00Z;;3036;1444
2024-06-26T11:28:01Z;;3296;1704
2024-06-26T11:28:03Z;-2266;;1030
2024-06-26T11:28:05Z;;3304;1038
2024-06-26T11:28:06Z;-2739;;565
2024-06-26T11:28:09Z;;3343;604
2024-06-26T11:28:11Z;;3297;558
2024-06-26T11:28:41Z;-2994;;303
2024-06-26T11:28:48Z;-3001;;296
2024-06-26T11:28:50Z;-2998;;299
2024-06-26T11:30:04Z;;3125;127
2024-06-26T11:30:09Z;-2910;;215
2024-06-26T11:31:17Z;;2976;66
2024-06-26T11:31:22Z;-2683;;293
2024-06-26T11:31:26Z;-2332;2454;644
2024-06-26T11:31:27Z;-1943;;511
2024-06-26T11:31:28Z;;2052;109
2024-06-26T11:31:29Z;-1433;;619
2024-06-26T11:31:30Z;-1422;;630
2024-06-26T11:31:32Z;;1727;305
2024-06-26T11:31:33Z;;1856;434
2024-06-26T11:31:34Z;-1673;;183
2024-06-26T11:31:35Z;;1487;-186
2024-06-26T11:31:36Z;-1117;;370
2024-06-26T11:31:37Z;;1175;58
2024-06-26T11:31:40Z;-876;;299
2024-06-26T11:31:55Z;;892;16
2024-06-26T11:32:02Z;;904;28
2024-06-26T11:32:10Z;;1169;293
2024-06-26T11:32:11Z;-869;;300
2024-06-26T11:32:13Z;;1684;815
2024-06-26T11:32:14Z;-1101;;583
2024-06-26T11:32:15Z;;2076;975
2024-06-26T11:32:16Z;-1790;;286
2024-06-26T11:32:17Z;-2358;;-282
2024-06-26T11:32:18Z;;2608;250
2024-06-26T11:32:20Z;;3257;899
2024-06-26T11:32:21Z;-2956;3334;976
2024-06-26T11:32:23Z;-3093;;241
2024-06-26T11:32:32Z;-2989;3193;345
2024-06-26T11:32:34Z;-2301;;892
2024-06-26T11:32:36Z;-1589;;1604
2024-06-26T11:32:40Z;;1688;99
2024-06-26T11:32:41Z;-1243;;445
2024-06-26T11:32:42Z;;1688;445
2024-06-26T11:32:44Z;;1688;445
2024-06-26T11:32:45Z;;1411;168
2024-06-26T11:32:46Z;-1228;;183
2024-06-26T11:32:47Z;;1639;411
2024-06-26T11:32:49Z;-1150;1442;489
2024-06-26T11:32:51Z;;1177;27
2024-06-26T11:33:15Z;;1292;142
2024-06-26T11:33:34Z;-1151;1734;141
2024-06-26T11:33:36Z;;2058;907
2024-06-26T11:33:37Z;-1786;2378;1227
2024-06-26T11:33:39Z;-2402;;-24
2024-06-26T11:33:40Z;-3033;;-655
2024-06-26T11:33:41Z;;2713;-320
2024-06-26T11:33:43Z;;3135;102
2024-06-26T11:33:44Z;-2842;2989;147
2024-06-26T11:33:45Z;-2401;;588
2024-06-26T11:33:46Z;-1777;;1212
2024-06-26T11:33:48Z;-1753;;1236
2024-06-26T11:33:50Z;-2233;;756
2024-06-26T11:33:51Z;-2317;;672
2024-06-26T11:33:53Z;;2520;203
2024-06-26T11:33:55Z;;2157;-160
2024-06-26T11:33:57Z;;1941;-376
2024-06-26T11:33:58Z;;2302;-15
2024-06-26T11:34:00Z;;2453;136
2024-06-26T11:34:01Z;-2300;;153
2024-06-26T11:34:02Z;;2759;459
2024-06-26T11:34:04Z;;2686;386
2024-06-26T11:34:05Z;;2787;487
2024-06-26T11:34:07Z;;2686;386
2024-06-26T11:34:09Z;-2394;2398;98
2024-06-26T11:34:10Z;;2442;48
2024-06-26T11:34:12Z;-2773;2837;-331
2024-06-26T11:34:14Z;;3051;278
2024-06-26T11:34:19Z;-3009;;42
2024-06-26T11:34:26Z;-2963;;88
2024-06-26T11:34:29Z;-3005;;46
2024-06-26T11:34:31Z;;3302;297
2024-06-26T11:34:41Z;;3299;294
2024-06-26T11:34:50Z;;3301;296
2024-06-26T11:34:52Z;;3301;296
2024-06-26T11:35:01Z;;2937;-68
2024-06-26T11:35:02Z;-2865;;72
2024-06-26T11:35:05Z;-2744;;193
2024-06-26T11:35:07Z;-2384;2537;153
2024-06-26T11:35:09Z;;2335;-49
2024-06-26T11:35:11Z;;2515;131
2024-06-26T11:35:13Z;-2166;;349
2024-06-26T11:35:14Z;;2809;643
2024-06-26T11:35:15Z;-2250;;559
2024-06-26T11:35:16Z;;2594;344
2024-06-26T11:35:17Z;-2219;;375
2024-06-26T11:35:18Z;;2391;172
2024-06-26T11:35:19Z;-2032;;359
2024-06-26T11:35:22Z;;2063;31
2024-06-26T11:35:23Z;;2157;125
2024-06-26T11:35:25Z;-2244;2478;-87
2024-06-26T11:35:27Z;;2748;504
2024-06-26T11:35:31Z;-2485;;263
2024-06-26T11:35:32Z;;2653;168
2024-06-26T11:35:33Z;-2323;;330
2024-06-26T11:35:36Z;-2453;2710;200
2024-06-26T11:35:38Z;;3099;646
2024-06-26T11:35:40Z;;3305;852
2024-06-26T11:35:42Z;-2831;;474
2024-06-26T11:35:44Z;-3053;;252
2024-06-26T11:36:19Z;;3298;245
2024-06-26T11:36:22Z;;3306;253
2024-06-26T11:36:27Z;;3297;244
2024-06-26T11:37:20Z;-3011;;286
2024-06-26T11:37:22Z;-3011;;286
2024-06-26T11:37:36Z;-2997;;300
2024-06-26T11:42:55Z;;2946;-51
2024-06-26T11:42:56Z;-2687;;259
2024-06-26T11:42:59Z;;2594;-93
2024-06-26T11:43:00Z;-2306;;288
2024-06-26T11:43:03Z;-2439;;155
2024-06-26T11:43:04Z;;2813;374
2024-06-26T11:43:06Z;-2719;;94
2024-06-26T11:43:07Z;-2682;;131
2024-06-26T11:43:08Z;-2494;2651;157
2024-06-26T11:43:11Z;;2284;-210
2024-06-26T11:43:12Z;-1909;;375
2024-06-26T11:43:13Z;;2074;165
2024-06-26T11:43:15Z;;2107;198
2024-06-26T11:43:16Z;;2079;170
2024-06-26T11:43:19Z;-1752;;327
2024-06-26T11:43:20Z;;1763;11
2024-06-26T11:43:21Z;-1445;;318
2024-06-26T11:43:22Z;-1211;1341;552
2024-06-26T11:43:24Z;-928;1186;835
2024-06-26T11:43:36Z;;897;-31
2024-06-26T11:44:01Z;;902;-26
2024-06-26T11:44:10Z;;1317;389
2024-06-26T11:44:11Z;-895;;422
2024-06-26T11:44:12Z;-1472;1736;264
2024-06-26T11:44:13Z;-2273;;-537
2024-06-26T11:44:14Z;-2703;;-967
2024-06-26T11:44:15Z;;2123;-580
2024-06-26T11:44:16Z;;2568;-135
2024-06-26T11:44:18Z;;3018;315
2024-06-26T11:44:19Z;;3316;613
2024-06-26T11:44:21Z;;3296;593
2024-06-26T11:44:35Z;-2999;;297
2024-06-26T11:45:04Z;;3218;219
2024-06-26T11:45:10Z;-2983;;235
2024-06-26T11:45:22Z;-3008;;210
2024-06-26T11:47:49Z;-3123;;95
2024-06-26T11:47:52Z;;2756;-367
2024-06-26T11:47:53Z;-2574;;182
2024-06-26T11:47:54Z;;2656;82
2024-06-26T11:47:56Z;-2368;;288
2024-06-26T11:47:57Z;;2338;-30
2024-06-26T11:48:01Z;-1993;2009;345
2024-06-26T11:48:02Z;-1699;;310
2024-06-26T11:48:04Z;;1722;23
2024-06-26T11:48:05Z;-1831;;-109
2024-06-26T11:48:06Z;;1725;-106
2024-06-26T11:48:08Z;-2606;2233;-881
2024-06-26T11:48:13Z;-2764;;-531
2024-06-26T11:48:20Z;-2477;;-244
2024-06-26T11:48:22Z;-1931;;302
2024-06-26T11:48:26Z;-1742;;491
2024-06-26T11:48:29Z;-2310;;-77
2024-06-26T11:48:32Z;-2613;;-380
2024-06-26T11:48:35Z;-3077;;-844
2024-06-26T11:49:40Z;-2850;;-617
2024-06-26T11:49:41Z;-2484;;-251
2024-06-26T11:49:43Z;-1983;;250
2024-06-26T11:49:46Z;-2094;;139
2024-06-26T11:49:48Z;-2524;;-291
2024-06-26T11:49:49Z;-2939;;-706
2024-06-26T11:49:50Z;-3163;;-930
2024-06-26T11:50:09Z;-2925;;-692
2024-06-26T11:50:10Z;-2671;;-438
2024-06-26T11:50:14Z;-2766;;-533
2024-06-26T11:50:24Z;-2730;;-497
2024-06-26T11:50:43Z;-2811;;-578
2024-06-26T11:50:45Z;-3005;;-772
2024-06-26T11:53:50Z;;3302;297
2024-06-26T11:53:58Z;;3285;280
2024-06-26T11:54:08Z;-2913;;372
2024-06-26T11:54:09Z;-2811;;474
2024-06-26T11:54:10Z;;2901;90
2024-06-26T11:54:11Z;;2711;-100
2024-06-26T11:54:14Z;-2320;2444;391
2024-06-26T11:54:16Z;;2379;59
2024-06-26T11:54:23Z;-1968;2018;411
2024-06-26T11:54:25Z;;2177;209
2024-06-26T11:54:26Z;-2192;;-15
2024-06-26T11:54:33Z;-2498;2664;-321
2024-06-26T11:54:35Z;;3085;587
2024-06-26T11:54:37Z;;2988;490
2024-06-26T11:54:41Z;-2669;;319
2024-06-26T11:54:44Z;-2556;2603;501
2024-06-26T11:54:45Z;-2102;;886
2024-06-26T11:54:47Z;;2110;8
2024-06-26T11:54:48Z;;1815;-287
2024-06-26T11:54:51Z;;2400;620
2024-06-26T11:54:52Z;-1780;;330
2024-06-26T11:54:53Z;-2240;;160
2024-06-26T11:54:55Z;-2389;;11
2024-06-26T11:54:56Z;-2438;;-38
2024-06-26T11:54:57Z;-2735;2749;311
2024-06-26T11:55:01Z;;3022;287
2024-06-26T11:55:04Z;-2993;;235
2024-06-26T11:55:08Z;;3320;585
2024-06-26T11:55:13Z;;3228;493
2024-06-26T11:55:15Z;-2970;;258
2024-06-26T11:55:16Z;-3041;;187
2024-06-26T11:55:25Z;;3301;260
2024-06-26T11:55:55Z;-3209;;92
2024-06-26T11:55:56Z;;3032;-177
2024-06-26T11:55:57Z;-3212;;-180
2024-06-26T11:55:58Z;;3336;124
2024-06-26T11:56:02Z;;3243;31
2024-06-26T11:56:03Z;-3021;;222
2024-06-26T11:56:05Z;-2538;2882;705
2024-06-26T11:56:06Z;-2193;;689
2024-06-26T11:56:07Z;-1871;;1011
2024-06-26T11:56:08Z;;2583;712
2024-06-26T11:56:09Z;;2223;352
2024-06-26T11:56:11Z;;1900;29
2024-06-26T11:56:13Z;;1636;-235
2024-06-26T11:56:14Z;-1607;;29
2024-06-26T11:56:15Z;;1449;-158
2024-06-26T11:56:16Z;;1530;-77
2024-06-26T11:56:18Z;;1963;356
2024-06-26T11:56:19Z;-1460;;70
2024-06-26T11:56:20Z;;2311;851
2024-06-26T11:56:21Z;;2631;1171
2024-06-26T11:56:23Z;-1848;;783
2024-06-26T11:56:24Z;-2500;;131
2024-06-26T11:56:25Z;-2716;2846;346
2024-06-26T11:56:28Z;;3021;305
2024-06-26T11:56:29Z;;2926;210
2024-06-26T11:56:31Z;;3027;311
2024-06-26T11:56:33Z;;2999;283
2024-06-26T11:56:35Z;;3129;129
2024-06-26T11:56:36Z;-3000;;-1
2024-06-26T11:56:39Z;-2980;;149
2024-06-26T11:56:40Z;-3003;;126
2024-06-26T11:56:41Z;-2990;;139
2024-06-26T11:56:43Z;;2954;-36
2024-06-26T11:56:45Z;;3067;77
2024-06-26T11:56:46Z;-3001;;66
2024-06-26T11:56:47Z;-2873;;194
2024-06-26T11:56:50Z;;2949;76
2024-06-26T11:56:54Z;;3006;133
2024-06-26T11:57:00Z;-3036;;-30
2024-06-26T11:57:03Z;-2955;;51
2024-06-26T11:57:04Z;;2859;-96
2024-06-26T11:57:05Z;-2623;;236
2024-06-26T11:57:07Z;-2323;;536
2024-06-26T11:57:13Z;-2229;;630
2024-06-26T11:57:16Z;-2882;;-23
2024-06-26T11:57:17Z;-3082;;-223
2024-06-26T11:58:51Z;-2965;;-106
2024-06-26T11:58:52Z;;2984;19
2024-06-26T11:58:56Z;-2624;;360
2024-06-26T11:58:57Z;;2639;15
2024-06-26T11:58:59Z;-2387;;252
2024-06-26T11:59:00Z;;2358;-29
2024-06-26T11:59:02Z;-2002;2052;356
2024-06-26T11:59:04Z;-1704;1751;348
2024-06-26T11:59:11Z;-1462;;289
2024-06-26T11:59:12Z;;1388;-74
2024-06-26T11:59:14Z;-1193;;558
2024-06-26T11:59:19Z;;1196;3
2024-06-26T11:59:34Z;-903;;293
2024-06-26T11:59:44Z;;894;-9
2024-06-26T12:00:04Z;;858;-45
2024-06-26T12:00:09Z;-806;;52
2024-06-26T12:01:26Z;;900;94
2024-06-26T12:01:28Z;;898;92
2024-06-26T12:01:30Z;;900;94
2024-06-26T12:01:58Z;-899;;1
2024-06-26T12:01:59Z;-901;;-1
2024-06-26T12:02:01Z;-899;;1
2024-06-26T12:03:03Z;-1175;1231;-275
2024-06-26T12:03:09Z;-1492;1560;-261
2024-06-26T12:03:12Z;;1818;326
2024-06-26T12:03:15Z;;1778;286
2024-06-26T12:03:18Z;-1495;;283
2024-06-26T12:03:19Z;;1429;-66
2024-06-26T12:03:25Z;-1431;;494
2024-06-26T12:03:26Z;;1569;-114
2024-06-26T12:03:28Z;-1683;;-254
2024-06-26T12:03:29Z;;1925;242
2024-06-26T12:03:30Z;-2035;;388
2024-06-26T12:03:31Z;;2423;740
2024-06-26T12:03:32Z;-2506;;229
2024-06-26T12:03:33Z;-2623;;-200
2024-06-26T12:03:35Z;;2735;-356
2024-06-26T12:03:36Z;-3091;;-668
2024-06-26T12:03:37Z;;3008;-83
2024-06-26T12:03:39Z;;3403;312
2024-06-26T12:03:40Z;-3302;;101
2024-06-26T12:03:41Z;-3278;;125
2024-06-26T12:03:42Z;-2971;;432
2024-06-26T12:03:43Z;;3180;209
2024-06-26T12:03:44Z;;2915;-56
2024-06-26T12:03:47Z;;3074;103
2024-06-26T12:03:48Z;-3156;;-82
2024-06-26T12:03:50Z;-3342;;-268
2024-06-26T12:03:51Z;;3306;-36
2024-06-26T12:04:00Z;-2966;;340
2024-06-26T12:04:01Z;-3050;;256
2024-06-26T12:04:03Z;-3324;3117;67
2024-06-26T12:04:04Z;;3367;43
2024-06-26T12:04:07Z;-3165;3240;75
2024-06-26T12:04:08Z;-2895;;345
2024-06-26T12:04:10Z;;2967;72
2024-06-26T12:04:12Z;-2657;3104;209
2024-06-26T12:04:14Z;-2768;3304;336
2024-06-26T12:04:18Z;-3160;;144
2024-06-26T12:04:19Z;-3307;;-3
2024-06-26T12:04:20Z;;3229;-78
2024-06-26T12:04:22Z;;2998;-309
2024-06-26T12:04:24Z;;3002;-305
2024-06-26T12:04:26Z;-3288;;-286
2024-06-26T12:04:27Z;-3137;;-135
2024-06-26T12:04:28Z;;2689;-448
2024-06-26T12:04:30Z;;2315;-822
2024-06-26T12:04:31Z;-3094;;-779
2024-06-26T12:04:32Z;-3148;;-833
2024-06-26T12:04:33Z;-2654;;-339
2024-06-26T12:04:34Z;-2278;;37
2024-06-26T12:04:36Z;-1977;;338
2024-06-26T12:04:41Z;;2160;183
2024-06-26T12:04:42Z;-2158;;2
2024-06-26T12:04:43Z;-2261;;-101
2024-06-26T12:04:44Z;;2537;276
2024-06-26T12:04:46Z;-2459;;78
2024-06-26T12:04:47Z;;2325;-134
2024-06-26T12:04:48Z;-2041;;284
2024-06-26T12:04:50Z;;2085;44
2024-06-26T12:04:52Z;;2073;32
2024-06-26T12:04:55Z;;2110;69
2024-06-26T12:04:59Z;;2112;71
2024-06-26T12:05:00Z;-2090;;22
2024-06-26T12:05:06Z;;2416;326
2024-06-26T12:05:07Z;-2417;;-1
2024-06-26T12:05:08Z;-2444;;-28
2024-06-26T12:05:10Z;;2308;-136
2024-06-26T12:05:11Z;-2150;;158
2024-06-26T12:05:13Z;-2120;;188
2024-06-26T12:05:23Z;-2025;2068;283
2024-06-26T12:05:25Z;-1756;;312
2024-06-26T12:05:27Z;-1838;;230
2024-06-26T12:05:34Z;;2145;307
2024-06-26T12:05:35Z;-2180;;-35
2024-06-26T12:05:37Z;-2443;;-298
2024-06-26T12:05:38Z;;2464;21
2024-06-26T12:05:42Z;-2339;;125
2024-06-26T12:05:43Z;;2252;-87
2024-06-26T12:05:44Z;-2044;;208
2024-06-26T12:05:45Z;;2092;48
2024-06-26T12:05:46Z;-1701;;391
2024-06-26T12:05:47Z;;1736;35
2024-06-26T12:05:48Z;-1484;;252
2024-06-26T12:05:50Z;-1516;;220
2024-06-26T12:05:53Z;-1433;1474;303
2024-06-26T12:05:59Z;-1189;;285
2024-06-26T12:06:00Z;;1196;7
2024-06-26T12:07:00Z;;1202;13
2024-06-26T12:07:27Z;;1198;9
2024-06-26T12:10:12Z;;1207;18
2024-06-26T12:10:21Z;-1202;;5
2024-06-26T12:10:22Z;-1198;;9
2024-06-26T12:10:23Z;-1203;;4
2024-06-26T12:12:12Z;-1199;;8
2024-06-26T12:12:22Z;;1196;-3
2024-06-26T12:14:32Z;;1204;5
2024-06-26T12:15:02Z;;1127;-72
2024-06-26T12:15:04Z;;1248;49
2024-06-26T12:15:06Z;-1200;;48
2024-06-26T12:15:07Z;-1198;1248;48
2024-06-26T12:15:10Z;-1198;;50
2024-06-26T12:15:25Z;-1198;;50
2024-06-26T12:15:28Z;-1198;;50
2024-06-26T12:15:36Z;-1202;;46
2024-06-26T12:15:39Z;-1200;;48
2024-06-26T12:15:45Z;-1194;;54
2024-06-26T12:15:48Z;-1194;;54
2024-06-26T12:15:49Z;-1195;;53
2024-06-26T12:15:55Z;-1201;;47
2024-06-26T12:15:57Z;-1192;;56
2024-06-26T12:16:03Z;-1203;;45
2024-06-26T12:16:09Z;-1199;;49
2024-06-26T12:16:13Z;-1204;;44
2024-06-26T12:16:21Z;-1197;;51
2024-06-26T12:16:24Z;-1196;;52
2024-06-26T12:18:05Z;;1199;3
2024-06-26T12:18:07Z;;1200;4
2024-06-26T12:18:10Z;;1196;0
2024-06-26T12:20:41Z;-1130;;66
2024-06-26T12:20:42Z;-1122;;74
2024-06-26T12:20:49Z;-1143;;53
2024-06-26T12:20:50Z;-758;;438
2024-06-26T12:21:24Z;;885;127
2024-06-26T12:21:26Z;;1246;488
2024-06-26T12:21:32Z;-1201;;45
2024-06-26T12:21:34Z;-1196;;50
2024-06-26T12:21:36Z;-1204;;42
2024-06-26T12:23:39Z;;1501;297
2024-06-26T12:23:41Z;;1498;294
2024-06-26T12:23:43Z;;1502;298
2024-06-26T12:24:19Z;-1500;;2
2024-06-26T12:24:20Z;-1498;;4
2024-06-26T12:24:57Z;-1502;;0
2024-06-26T12:25:13Z;;1804;302
2024-06-26T12:25:14Z;-1770;;34
2024-06-26T12:25:25Z;;2114;31
2024-06-26T12:25:27Z;-2083;;-279
2024-06-26T12:26:24Z;-2058;;56
2024-06-26T12:26:25Z;;2093;35
2024-06-26T12:26:31Z;-1780;;313
2024-06-26T12:26:32Z;;1787;7
2024-06-26T12:27:17Z;;1814;34
2024-06-26T12:27:19Z;-1799;;15
2024-06-26T12:27:31Z;;2123;324
2024-06-26T12:27:34Z;-2122;;1
2024-06-26T12:27:49Z;-2108;;15
2024-06-26T12:27:52Z;;2099;-9
2024-06-26T12:28:05Z;-1800;;299
2024-06-26T12:28:08Z;;1781;-19
2024-06-26T12:28:33Z;;1817;17
2024-06-26T12:28:43Z;;1790;-10
2024-06-26T12:29:03Z;-1493;;297
2024-06-26T12:29:06Z;;1488;-5
2024-06-26T12:30:04Z;;1263;-230
2024-06-26T12:30:07Z;-1201;;62
2024-06-26T12:30:11Z;-1204;;59
2024-06-26T12:30:43Z;;1199;-5
2024-06-26T12:32:12Z;-1070;;129
2024-06-26T12:32:13Z;-894;;305
2024-06-26T12:35:10Z;;1201;307
2024-06-26T12:35:12Z;;1196;302
2024-06-26T12:35:14Z;;1204;310
2024-06-26T12:35:35Z;-1202;;2
2024-06-26T12:35:41Z;-1195;;9
2024-06-26T12:35:45Z;-1200;;4
2024-06-26T12:36:51Z;-1202;;2
2024-06-26T12:37:47Z;;1120;-82
2024-06-26T12:37:49Z;;1228;26
2024-06-26T12:38:15Z;;1199;-3
2024-06-26T12:38:27Z;;1204;2
2024-06-26T12:38:39Z;;1193;-9
2024-06-26T12:38:41Z;;1201;-1
2024-06-26T12:38:44Z;;1198;-4
2024-06-26T12:38:46Z;;1203;1
2024-06-26T12:38:48Z;;1194;-8
2024-06-26T12:41:06Z;-907;;287
2024-06-26T12:41:09Z;-903;;291
2024-06-26T12:41:13Z;-895;;299
2024-06-26T12:43:50Z;-823;;371
2024-06-26T12:43:51Z;-562;;632
2024-06-26T12:43:53Z;;860;298
2024-06-26T12:43:55Z;;978;416
2024-06-26T12:45:04Z;;989;427
2024-06-26T12:45:09Z;-819;;170
2024-06-26T12:49:51Z;-898;;91
2024-06-26T12:49:54Z;-897;;92
2024-06-26T12:49:56Z;-895;;94
2024-06-26T12:50:04Z;-900;;89
2024-06-26T12:50:05Z;-899;;90
2024-06-26T12:51:18Z;;897;-2
2024-06-26T12:51:21Z;;903;4
2024-06-26T12:51:28Z;;892;-7
2024-06-26T12:51:30Z;;901;2
2024-06-26T12:51:32Z;;899;0
2024-06-26T12:51:34Z;;901;2
2024-06-26T12:51:36Z;;896;-3
2024-06-26T12:58:45Z;;319;-580
2024-06-26T12:58:47Z;;667;-232
2024-06-26T12:58:59Z;-595;;72
2024-06-26T12:59:00Z;;599;4
2024-06-26T12:59:02Z;;633;38
2024-06-26T12:59:03Z;-603;;30
2024-06-26T12:59:05Z;-590;;43
2024-06-26T12:59:09Z;-603;;30
2024-06-26T12:59:10Z;-248;;385
2024-06-26T12:59:11Z;-595;355;-240
2024-06-26T12:59:13Z;;636;41
2024-06-26T12:59:41Z;-569;;67
2024-06-26T12:59:42Z;-240;;396
2024-06-26T12:59:45Z;;342;102
2024-06-26T12:59:47Z;;614;374
2024-06-26T13:00:04Z;;606;366
2024-06-26T13:00:05Z;;596;356
2024-06-26T13:00:09Z;-562;;34
2024-06-26T13:08:12Z;-358;;238
2024-06-26T13:08:13Z;-215;;381
2024-06-26T13:12:29Z;-299;;297
2024-06-26T13:12:31Z;-307;;289
2024-06-26T13:12:39Z;-296;;300
2024-06-26T13:12:41Z;-305;;291
2024-06-26T13:12:49Z;-294;;302
2024-06-26T13:12:51Z;-301;;295
2024-06-26T13:12:58Z;-299;;297
2024-06-26T13:13:04Z;-299;;297
2024-06-26T13:13:06Z;-304;;292
2024-06-26T13:13:14Z;-296;;300
2024-06-26T13:13:16Z;-300;;296
2024-06-26T13:14:19Z;;299;-1
2024-06-26T13:14:21Z;;300;0
2024-06-26T13:14:27Z;;296;-4
2024-06-26T13:14:29Z;;303;3
2024-06-26T13:14:37Z;;299;-1
2024-06-26T13:14:45Z;;302;2
2024-06-26T13:14:47Z;;102;-198
2024-06-26T13:14:48Z;;294;-6
2024-06-26T13:14:50Z;;300;0
2024-06-26T13:15:04Z;;289;-11
2024-06-26T13:15:09Z;-251;;38
2024-06-26T13:28:20Z;446;0;446
2024-06-26T13:28:22Z;58;61;58
2024-06-26T13:28:24Z;;0;58
2024-06-26T13:28:26Z;;70;128
2024-06-26T13:30:04Z;;68;126
2024-06-26T13:30:09Z;-33;;35
2024-06-26T13:35:47Z;1904;;1972
2024-06-26T13:35:48Z;118;;186
2024-06-26T13:38:29Z;67;;135
2024-06-26T13:38:31Z;54;;122
2024-06-26T13:45:04Z;;71;125
2024-06-26T13:45:09Z;168;;239
2024-06-26T13:48:39Z;557;0;557
2024-06-26T13:48:40Z;98;;98
2024-06-26T13:48:43Z;;58;156
2024-06-26T13:48:45Z;;0;98
2024-06-26T13:48:47Z;;65;163
2024-06-26T13:52:47Z;-24;;41
2024-06-26T13:58:45Z;-438;452;14
2024-06-26T13:58:47Z;;83;-355
2024-06-26T13:58:49Z;-46;;37
2024-06-26T14:00:04Z;;95;49
2024-06-26T14:00:09Z;-56;;39
2024-06-26T14:13:33Z;;301;245
2024-06-26T14:13:35Z;;295;239
2024-06-26T14:13:42Z;;304;248
2024-06-26T14:13:44Z;;299;243
2024-06-26T14:13:48Z;;301;245
2024-06-26T14:13:56Z;;295;239
2024-06-26T14:13:58Z;;305;249
2024-06-26T14:15:04Z;;331;275
2024-06-26T14:15:05Z;-295;;36
2024-06-26T14:15:08Z;-298;;33
2024-06-26T14:15:09Z;-297;;34
2024-06-26T14:15:14Z;-295;;36
2024-06-26T14:15:18Z;-293;;38
2024-06-26T14:15:21Z;-301;;30
2024-06-26T14:15:22Z;-294;;37
2024-06-26T14:15:46Z;-313;;18
2024-06-26T14:15:47Z;-73;109;258
2024-06-26T14:15:49Z;;358;285
2024-06-26T14:20:58Z;-772;822;-414
2024-06-26T14:20:59Z;-489;;333
2024-06-26T14:21:00Z;;528;39
2024-06-26T14:22:10Z;;605;116
2024-06-26T14:22:14Z;;595;106
2024-06-26T14:22:16Z;;614;125
2024-06-26T14:22:24Z;-593;;21
2024-06-26T14:22:26Z;-601;;13
2024-06-26T14:22:27Z;-598;;16
2024-06-26T14:23:21Z;;911;313
2024-06-26T14:23:23Z;-901;;10
2024-06-26T14:23:37Z;;1212;311
2024-06-26T14:23:41Z;-1185;;27
2024-06-26T14:23:49Z;;1501;316
2024-06-26T14:23:51Z;-1490;;11
2024-06-26T14:24:02Z;;1817;327
2024-06-26T14:24:05Z;-1810;;7
2024-06-26T14:24:26Z;-1796;;21
2024-06-26T14:24:34Z;;1795;-1
2024-06-26T14:25:12Z;;1809;13
2024-06-26T14:25:16Z;-1804;;5
2024-06-26T14:25:41Z;;2092;288
2024-06-26T14:25:47Z;-2094;;-2
2024-06-26T14:25:58Z;;2402;308
2024-06-26T14:26:09Z;;2399;305
2024-06-26T14:26:23Z;-2144;;255
2024-06-26T14:26:25Z;;2093;-51
2024-06-26T14:26:31Z;;2104;-40
2024-06-26T14:26:32Z;-2073;;31
2024-06-26T14:26:49Z;;2409;336
2024-06-26T14:26:51Z;-2386;;23
2024-06-26T14:27:25Z;-2392;;17
2024-06-26T14:27:27Z;;2351;-41
2024-06-26T14:27:32Z;-2091;;260
2024-06-26T14:27:36Z;;2098;7
2024-06-26T14:27:41Z;-1765;;333
2024-06-26T14:27:45Z;-1843;;255
2024-06-26T14:28:08Z;-1839;;259
2024-06-26T14:28:11Z;;1752;-87
2024-06-26T14:28:14Z;-1506;;246
2024-06-26T14:28:16Z;;1463;-43
2024-06-26T14:28:21Z;;1541;35
2024-06-26T14:28:22Z;-1549;;-8
2024-06-26T14:28:25Z;;1859;310
2024-06-26T14:28:26Z;-1895;;-36
2024-06-26T14:28:28Z;;2178;283
2024-06-26T14:28:29Z;-2208;;-30
2024-06-26T14:28:31Z;;2462;254
2024-06-26T14:28:32Z;-2425;;37
2024-06-26T14:28:48Z;-2347;;115
2024-06-26T14:28:49Z;;2367;20
2024-06-26T14:28:53Z;-2140;;227
2024-06-26T14:28:55Z;;2034;-106
2024-06-26T14:28:57Z;-1773;;261
2024-06-26T14:28:58Z;;1737;-36
2024-06-26T14:29:01Z;-1473;;264
2024-06-26T14:29:02Z;;1495;22
2024-06-26T14:29:09Z;-1200;;295
2024-06-26T14:29:12Z;;1190;-10
2024-06-26T14:29:33Z;;1201;1
2024-06-26T14:29:43Z;;1191;-9
2024-06-26T14:30:04Z;;1137;-63
2024-06-26T14:30:09Z;-1080;;57
2024-06-26T14:32:11Z;;1202;122
2024-06-26T14:32:16Z;-1195;;7
2024-06-26T14:32:33Z;;1511;316
2024-06-26T14:32:35Z;-1509;;2
2024-06-26T14:32:40Z;;1810;301
2024-06-26T14:32:41Z;-1791;;19
2024-06-26T14:32:47Z;-1781;;29
2024-06-26T14:32:49Z;;1775;-6
2024-06-26T14:32:54Z;-1467;;308
2024-06-26T14:32:55Z;;1483;16
2024-06-26T14:34:09Z;-1198;;285
2024-06-26T14:35:02Z;-1195;;288
2024-06-26T14:35:04Z;-1201;;282
2024-06-26T14:35:05Z;-1197;;286
2024-06-26T14:35:32Z;;1500;303
2024-06-26T14:35:37Z;;1494;297
2024-06-26T14:36:01Z;;1286;89
2024-06-26T14:36:03Z;;1418;221
2024-06-26T14:37:14Z;-1201;;217
2024-06-26T14:37:16Z;-1198;;220
2024-06-26T14:37:24Z;-1196;;222
2024-06-26T14:37:26Z;-1194;;224
2024-06-26T14:37:28Z;-1199;;219
2024-06-26T14:37:30Z;-1200;;218
2024-06-26T14:37:33Z;-1197;;221
2024-06-26T14:39:42Z;-1192;;226
2024-06-26T14:40:02Z;-1196;;222
2024-06-26T14:40:37Z;-1200;;218
2024-06-26T14:40:38Z;-1199;;219
2024-06-26T14:40:41Z;-1205;;213
2024-06-26T14:41:21Z;;1503;298
2024-06-26T14:41:34Z;-1501;;2
2024-06-26T14:41:44Z;-1515;;-12
2024-06-26T14:42:01Z;;1497;-18
2024-06-26T14:42:20Z;;1507;-8
2024-06-26T14:42:38Z;-1495;;12
2024-06-26T14:42:52Z;;1809;314
2024-06-26T14:42:55Z;-1767;;42
2024-06-26T14:42:58Z;;2172;405
2024-06-26T14:43:00Z;-2112;;60
2024-06-26T14:43:02Z;;2455;343
2024-06-26T14:43:05Z;-2403;;52
2024-06-26T14:43:08Z;;2707;304
2024-06-26T14:44:56Z;;2667;264
2024-06-26T14:44:58Z;;2729;326
2024-06-26T14:45:04Z;;2730;327
2024-06-26T14:45:09Z;-2513;;217
2024-06-26T14:45:18Z;;2698;185
2024-06-26T14:45:23Z;-2441;;257
2024-06-26T14:45:26Z;-2087;2283;611
2024-06-26T14:45:28Z;-1747;1927;536
2024-06-26T14:45:30Z;-1525;1702;402
2024-06-26T14:45:32Z;-1494;;208
2024-06-26T14:45:35Z;-1501;;201
2024-06-26T14:45:39Z;;1485;-16
2024-06-26T14:45:48Z;-1199;;286
2024-06-26T14:46:22Z;-1203;;282
2024-06-26T14:46:29Z;;1529;326
2024-06-26T14:46:31Z;-1453;;76
2024-06-26T14:46:34Z;;1818;365
2024-06-26T14:46:56Z;-1788;;30
2024-06-26T14:47:01Z;;2109;321
2024-06-26T14:47:09Z;-2104;;5
2024-06-26T14:47:13Z;;2412;308
2024-06-26T14:47:24Z;;2363;259
2024-06-26T14:47:26Z;-2049;;314
2024-06-26T14:47:30Z;;2071;22
2024-06-26T14:47:43Z;-1794;;277
2024-06-26T14:47:55Z;-1803;;268
2024-06-26T14:48:06Z;;2128;325
2024-06-26T14:48:23Z;;2077;274
2024-06-26T14:48:27Z;-1801;;276
2024-06-26T14:48:40Z;-1802;;275
2024-06-26T14:48:45Z;-1785;;292
2024-06-26T14:48:54Z;-1791;;286
2024-06-26T14:49:03Z;-1791;;286
2024-06-26T14:49:08Z;;1744;-47
2024-06-26T14:49:10Z;-1459;;285
2024-06-26T14:49:20Z;-1488;;256
2024-06-26T14:49:22Z;-1506;;238
2024-06-26T14:49:30Z;-1506;;238
2024-06-26T14:49:35Z;;1808;302
2024-06-26T14:50:00Z;;1817;311
2024-06-26T14:50:16Z;;1810;304
2024-06-26T14:50:23Z;;1766;260
2024-06-26T14:50:25Z;-1515;;251
2024-06-26T14:50:30Z;-1495;;271
2024-06-26T14:50:32Z;-1502;;264
2024-06-26T14:50:38Z;;1493;-9
2024-06-26T14:50:43Z;-1205;;288
2024-06-26T14:51:36Z;-1202;;291
2024-06-26T14:51:42Z;;1513;311
2024-06-26T14:51:59Z;;1489;287
2024-06-26T14:52:09Z;-1196;;293
2024-06-26T14:52:19Z;-1196;;293
2024-06-26T14:52:23Z;;1551;-26
2024-06-26T14:52:26Z;-1577;;-88
2024-06-26T14:52:27Z;;1843;647
2024-06-26T14:52:29Z;-1769;;74
2024-06-26T14:52:41Z;;2112;343
2024-06-26T14:52:52Z;;2068;299
2024-06-26T14:52:55Z;-1771;;297
2024-06-26T14:52:57Z;-1770;;298
2024-06-26T14:52:59Z;-1770;;298
2024-06-26T14:53:05Z;;1809;39
2024-06-26T14:53:09Z;-1518;;291
2024-06-26T14:53:24Z;;1477;-41
2024-06-26T14:53:39Z;-1202;;275
2024-06-26T14:53:48Z;-1194;;283
2024-06-26T14:54:22Z;-1199;;278
2024-06-26T14:55:02Z;;1198;-1
2024-06-26T14:56:29Z;-1021;;177
2024-06-26T14:56:30Z;;426;-595
2024-06-26T14:56:31Z;-1033;;-607
2024-06-26T14:56:33Z;;1080;47
2024-06-26T14:59:16Z;;1199;166
2024-06-26T14:59:18Z;;1194;161
2024-06-26T14:59:20Z;;1204;171
2024-06-26T14:59:22Z;;1199;166
2024-06-26T14:59:24Z;;1201;168
2024-06-26T14:59:44Z;-1199;;2
2024-06-26T15:00:04Z;;1355;156
2024-06-26T15:00:09Z;-1313;;42
2024-06-26T15:00:14Z;;1530;217
2024-06-26T15:00:15Z;-1496;;34
2024-06-26T15:00:28Z;-1511;;19
2024-06-26T15:00:31Z;;1498;-13
2024-06-26T15:02:03Z;;1542;31
2024-06-26T15:02:06Z;;1486;-25
2024-06-26T15:02:14Z;-1536;1591;55
2024-06-26T15:02:20Z;-1604;;-13
2024-06-26T15:02:23Z;;1460;-144
2024-06-26T15:02:34Z;;1511;-93
2024-06-26T15:02:36Z;;1477;-127
2024-06-26T15:03:18Z;-1200;;277
2024-06-26T15:03:28Z;-1196;;281
2024-06-26T15:03:33Z;-1194;;283
2024-06-26T15:04:05Z;;1194;0
2024-06-26T15:06:07Z;;1204;10
2024-06-26T15:06:09Z;;1196;2
2024-06-26T15:06:20Z;;1201;7
2024-06-26T15:06:41Z;-1209;;-8
2024-06-26T15:07:01Z;-1469;;-268
2024-06-26T15:07:02Z;;1522;53
2024-06-26T15:07:03Z;-1752;;-230
2024-06-26T15:07:04Z;;1809;57
2024-06-26T15:07:06Z;-2152;;-343
2024-06-26T15:07:09Z;;2113;-39
2024-06-26T15:07:10Z;;2407;255
2024-06-26T15:07:28Z;-2400;;7
2024-06-26T15:07:47Z;-2422;;-15
2024-06-26T15:07:49Z;;2311;-111
2024-06-26T15:07:50Z;-1976;;335
2024-06-26T15:07:52Z;;2058;82
2024-06-26T15:07:53Z;;1763;-213
2024-06-26T15:07:55Z;-1503;;260
2024-06-26T15:07:59Z;;1487;-16
2024-06-26T15:08:13Z;;1500;-3
2024-06-26T15:08:14Z;-1469;;31
2024-06-26T15:08:17Z;-1691;;-191
2024-06-26T15:08:18Z;;1888;197
2024-06-26T15:08:22Z;;2106;415
2024-06-26T15:08:24Z;;2082;391
2024-06-26T15:08:27Z;-1778;;304
2024-06-26T15:08:29Z;;1788;10
2024-06-26T15:08:31Z;;1806;28
2024-06-26T15:08:33Z;;1746;-32
2024-06-26T15:08:48Z;-1476;;270
2024-06-26T15:08:50Z;;1484;8
2024-06-26T15:08:54Z;;1513;37
2024-06-26T15:08:55Z;-1496;;17
2024-06-26T15:09:00Z;-1449;;64
2024-06-26T15:09:01Z;;1478;29
2024-06-26T15:09:11Z;;1484;35
2024-06-26T15:09:13Z;-1489;;-5
2024-06-26T15:09:42Z;;1812;323
2024-06-26T15:09:44Z;-1749;;63
2024-06-26T15:09:56Z;;2126;377
2024-06-26T15:09:57Z;-2081;;45
2024-06-26T15:10:03Z;;2413;332
2024-06-26T15:10:17Z;;2398;317
2024-06-26T15:10:21Z;;2412;331
2024-06-26T15:10:26Z;;2395;314
2024-06-26T15:10:52Z;-2038;;357
2024-06-26T15:10:56Z;-2164;;231
2024-06-26T15:10:59Z;;2460;296
2024-06-26T15:11:14Z;;2366;202
2024-06-26T15:11:16Z;-2082;;284
2024-06-26T15:11:17Z;;1969;-113
2024-06-26T15:11:18Z;-1723;;246
2024-06-26T15:11:21Z;-1458;;511
2024-06-26T15:11:22Z;;1793;335
2024-06-26T15:11:24Z;;1497;39
2024-06-26T15:11:26Z;;1500;42
2024-06-26T15:11:28Z;-1505;;-5
2024-06-26T15:11:44Z;-1815;;-315
2024-06-26T15:11:46Z;;1878;63
2024-06-26T15:11:51Z;-1759;;119
2024-06-26T15:11:52Z;;1746;-13
2024-06-26T15:12:05Z;-1736;;10
2024-06-26T15:12:06Z;;1886;150
2024-06-26T15:12:08Z;;2117;381
2024-06-26T15:12:11Z;;2078;342
2024-06-26T15:12:17Z;;2123;387
2024-06-26T15:12:22Z;;2078;342
2024-06-26T15:12:57Z;;2112;376
2024-06-26T15:12:59Z;-2066;;46
2024-06-26T15:13:12Z;;2423;357
2024-06-26T15:13:19Z;-2401;;22
2024-06-26T15:13:23Z;-2402;;21
2024-06-26T15:13:28Z;-2403;;20
2024-06-26T15:13:29Z;-2400;;23
2024-06-26T15:14:18Z;;2373;-27
2024-06-26T15:14:21Z;-2046;;327
2024-06-26T15:14:22Z;;1947;-99
2024-06-26T15:14:24Z;-1846;;101
2024-06-26T15:14:25Z;;1741;-105
2024-06-26T15:14:33Z;-1496;;245
2024-06-26T15:14:36Z;-1519;;222
2024-06-26T15:14:47Z;-1472;;269
2024-06-26T15:14:49Z;;1475;3
2024-06-26T15:15:03Z;;1516;44
2024-06-26T15:15:06Z;-1530;1472;-14
2024-06-26T15:15:11Z;-1488;;-16
2024-06-26T15:15:12Z;-1496;;-24
2024-06-26T15:15:13Z;-1578;;-106
2024-06-26T15:15:15Z;-1469;;3
2024-06-26T15:15:16Z;;1486;17
2024-06-26T15:15:20Z;-1477;;9
2024-06-26T15:15:21Z;;1531;54
2024-06-26T15:15:23Z;-1442;;89
2024-06-26T15:15:24Z;;1467;25
2024-06-26T15:15:55Z;;1507;65
2024-06-26T15:15:58Z;-1453;;54
2024-06-26T15:15:59Z;-1557;;-50
2024-06-26T15:16:01Z;;1488;-69
2024-06-26T15:16:09Z;-1203;;285
2024-06-26T15:16:11Z;-1205;;283
2024-06-26T15:16:26Z;-1210;;278
2024-06-26T15:16:32Z;;1198;-12
2024-06-26T15:17:12Z;-900;;298
2024-06-26T15:17:25Z;;897;-3
2024-06-26T15:24:25Z;-611;;286
2024-06-26T15:24:26Z;;940;329
2024-06-26T15:24:28Z;;659;48
2024-06-26T15:24:32Z;-933;;-274
2024-06-26T15:25:02Z;-606;;53
2024-06-26T15:25:04Z;-597;;62
2024-06-26T15:25:13Z;-593;;66
2024-06-26T15:25:18Z;-597;;62
2024-06-26T15:25:20Z;-601;;58
2024-06-26T15:26:08Z;-594;;65
2024-06-26T15:26:10Z;-603;;56
2024-06-26T15:26:12Z;-599;;60
2024-06-26T15:28:55Z;;901;302
2024-06-26T15:28:58Z;;889;290
2024-06-26T15:29:03Z;;901;302
2024-06-26T15:29:06Z;-903;;-2
2024-06-26T15:29:21Z;;1206;303
2024-06-26T15:29:25Z;-1204;;2
2024-06-26T15:29:27Z;-1485;;-279
2024-06-26T15:29:28Z;;1539;54
2024-06-26T15:29:41Z;;1569;84
2024-06-26T15:29:42Z;-1441;;128
2024-06-26T15:30:04Z;;1364;-77
2024-06-26T15:30:08Z;-1199;;165
2024-06-26T15:30:11Z;-1254;;110
2024-06-26T15:30:12Z;;1190;-64
2024-06-26T15:30:13Z;;1203;-51
2024-06-26T15:30:20Z;;1194;-60
2024-06-26T15:30:43Z;;1200;-54
2024-06-26T15:30:45Z;-1178;;22
2024-06-26T15:31:00Z;;1520;342
2024-06-26T15:31:02Z;-1515;;5
2024-06-26T15:31:13Z;;1809;294
2024-06-26T15:31:36Z;;1799;284
2024-06-26T15:34:28Z;;1460;-55
2024-06-26T15:34:30Z;;1598;83
2024-06-26T15:34:31Z;;854;-661
2024-06-26T15:34:33Z;;1613;98
2024-06-26T15:35:20Z;-1494;;119
2024-06-26T15:35:41Z;;1496;2
2024-06-26T15:40:18Z;-1196;;300
2024-06-26T15:40:20Z;-1208;;288
2024-06-26T15:40:30Z;-1184;;312
2024-06-26T15:40:32Z;-1201;;295
2024-06-26T15:40:48Z;-1198;;298
2024-06-26T15:40:50Z;-1201;;295
2024-06-26T15:40:57Z;-1202;;294
2024-06-26T15:41:00Z;-1204;;292
2024-06-26T15:41:03Z;-1205;;291
2024-06-26T15:41:06Z;;1158;-47
2024-06-26T15:41:08Z;;1236;31
2024-06-26T15:41:10Z;-1191;;45
2024-06-26T15:41:12Z;-1189;;47
2024-06-26T15:41:13Z;-1192;;44
2024-06-26T15:41:15Z;-1203;;33
2024-06-26T15:44:16Z;;1188;-15
2024-06-26T15:44:21Z;-882;;306
2024-06-26T15:44:26Z;;880;-2
2024-06-26T15:44:28Z;-632;;248
2024-06-26T15:44:33Z;;582;-50
2024-06-26T15:44:35Z;;275;-357
2024-06-26T15:44:37Z;-400;;-125
2024-06-26T15:44:38Z;-54;;221
2024-06-26T15:44:39Z;-349;;-74
2024-06-26T15:44:40Z;-337;;-62
2024-06-26T15:44:41Z;-304;;-29
2024-06-26T15:44:42Z;;509;205
2024-06-26T15:44:55Z;-293;;216
2024-06-26T15:45:04Z;;520;227
2024-06-26T15:45:09Z;-410;;110
2024-06-26T15:45:14Z;;606;196
2024-06-26T15:45:18Z;-583;;23
2024-06-26T15:45:22Z;;929;346
2024-06-26T15:45:25Z;-882;;47
2024-06-26T15:45:35Z;;1201;319
2024-06-26T15:46:05Z;;1201;319
2024-06-26T15:46:49Z;-855;;346
2024-06-26T15:46:50Z;-939;;262
2024-06-26T15:47:26Z;-903;;298
2024-06-26T15:47:35Z;-894;;307
2024-06-26T15:48:40Z;;1119;225
2024-06-26T15:48:42Z;;743;-151
2024-06-26T15:48:45Z;-950;;-207
2024-06-26T15:48:46Z;-792;;-49
2024-06-26T15:49:52Z;-905;;-162
2024-06-26T15:53:01Z;-902;;-159
2024-06-26T15:53:12Z;;885;-17
2024-06-26T15:53:16Z;-557;;328
2024-06-26T15:53:18Z;;580;23
2024-06-26T15:53:22Z;-297;;283
2024-06-26T15:53:46Z;-303;;277
2024-06-26T15:53:51Z;;610;307
2024-06-26T15:53:54Z;-571;;39
2024-06-26T15:53:58Z;;901;330
2024-06-26T15:57:53Z;;888;317
2024-06-26T15:57:57Z;-620;;268
2024-06-26T15:58:31Z;;606;-14
2024-06-26T15:58:39Z;-301;;305
2024-06-26T15:59:28Z;-332;;274
2024-06-26T16:00:04Z;;418;86
2024-06-26T16:00:11Z;-441;;-23
2024-06-26T16:01:47Z;-332;;86
2024-06-26T16:01:48Z;;298;-34
2024-06-26T16:01:50Z;;376;44
2024-06-26T16:01:51Z;-124;;252
2024-06-26T16:04:44Z;119;;495
2024-06-26T16:04:45Z;;60;179
2024-06-26T16:04:46Z;;350;469
2024-06-26T16:04:48Z;;261;380
2024-06-26T16:04:50Z;;355;474
2024-06-26T16:12:30Z;-291;;64
2024-06-26T16:12:31Z;-295;;60
2024-06-26T16:13:36Z;-294;;61
2024-06-26T16:13:38Z;-304;;51
2024-06-26T16:15:04Z;;358;54
2024-06-26T16:15:09Z;-310;;48
2024-06-26T16:16:47Z;-102;;256
2024-06-26T16:16:48Z;-320;;38
2024-06-26T16:17:54Z;-318;;40
2024-06-26T16:17:55Z;-94;;264
2024-06-26T16:21:36Z;-298;;60
2024-06-26T16:21:37Z;-314;;44
2024-06-26T16:22:20Z;-308;;50
2024-06-26T16:22:23Z;-304;;54
2024-06-26T16:22:31Z;-298;;60
2024-06-26T16:22:33Z;-306;;52
2024-06-26T16:22:40Z;-304;;54
2024-06-26T16:22:42Z;-296;;62
2024-06-26T16:22:50Z;-303;;55
2024-06-26T16:22:52Z;-294;;64
2024-06-26T16:23:00Z;-301;;57
2024-06-26T16:23:03Z;-301;;57
2024-06-26T16:23:10Z;-300;;58
2024-06-26T16:23:12Z;-291;;67
2024-06-26T16:23:13Z;-300;;58
2024-06-26T16:23:16Z;-299;;59
2024-06-26T16:23:18Z;-306;;52
2024-06-26T16:23:26Z;-298;;60
2024-06-26T16:23:28Z;-305;;53
2024-06-26T16:23:36Z;-297;;61
2024-06-26T16:23:38Z;-303;;55
2024-06-26T16:23:46Z;-295;;63
2024-06-26T16:23:48Z;-302;;56
2024-06-26T16:23:56Z;-294;;64
2024-06-26T16:23:59Z;-294;;64
2024-06-26T16:24:11Z;-300;;58
2024-06-26T16:24:12Z;-299;;59
2024-06-26T16:24:14Z;-302;;56
2024-06-26T16:24:15Z;-296;;62
2024-06-26T16:25:07Z;117;;475
2024-06-26T16:26:33Z;;300;417
2024-06-26T16:26:35Z;;306;423
2024-06-26T16:26:40Z;;305;422
2024-06-26T16:26:43Z;;304;421
2024-06-26T16:26:47Z;;297;414
2024-06-26T16:26:53Z;;301;418
2024-06-26T16:27:15Z;;295;412
2024-06-26T16:30:04Z;;251;368
2024-06-26T16:30:09Z;-215;;36
2024-06-26T16:35:13Z;;481;266
2024-06-26T16:35:15Z;;258;43
2024-06-26T16:35:16Z;-373;;-115
2024-06-26T16:45:04Z;;181;-192
2024-06-26T16:45:09Z;152;;333
2024-06-26T16:45:12Z;-148;;33
2024-06-26T16:45:16Z;118;;299
2024-06-26T16:45:17Z;81;;262
2024-06-26T16:55:28Z;0;;181
2024-06-26T16:55:30Z;4;;185
2024-06-26T16:56:43Z;-5;;176
2024-06-26T16:57:35Z;0;;181
2024-06-26T16:57:49Z;1;;182
2024-06-26T16:57:52Z;0;;181
2024-06-26T16:57:53Z;1;;182
2024-06-26T16:57:57Z;0;;181
2024-06-26T16:57:59Z;1;;182
2024-06-26T16:58:00Z;0;;181
2024-06-26T16:58:01Z;1;;182
2024-06-26T16:58:05Z;0;;181
2024-06-26T16:58:07Z;3;;184
2024-06-26T16:58:10Z;0;;181
2024-06-26T16:58:11Z;2;;183
2024-06-26T16:58:13Z;0;;181
2024-06-26T16:58:14Z;1;;182
2024-06-26T17:00:04Z;;147;148
2024-06-26T17:00:09Z;11;;158
2024-06-26T17:02:07Z;-66;;81
2024-06-26T17:05:35Z;;0;-66
2024-06-26T17:05:36Z;-94;;-94
2024-06-26T17:05:37Z;-455;;-455
2024-06-26T17:05:39Z;;131;-324
2024-06-26T17:05:41Z;;325;-130
2024-06-26T17:05:43Z;;138;-317
2024-06-26T17:15:04Z;;157;-298
2024-06-26T17:15:09Z;-120;;37
2024-06-26T17:30:04Z;;121;1
2024-06-26T17:30:09Z;-85;;36
2024-06-26T17:32:26Z;190;;311
2024-06-26T17:32:46Z;115;;236
2024-06-26T17:33:37Z;164;;285
2024-06-26T17:33:58Z;-88;;33
2024-06-26T17:35:51Z;;0;-88
2024-06-26T17:35:53Z;;115;27
2024-06-26T17:45:04Z;;138;50
2024-06-26T17:45:09Z;-102;;36
2024-06-26T17:47:03Z;102;;240
2024-06-26T17:56:35Z;59;;197
2024-06-26T17:56:36Z;;313;372
2024-06-26T17:56:37Z;47;;360
2024-06-26T17:56:40Z;;107;154
2024-06-26T17:58:24Z;311;;418
2024-06-26T17:58:27Z;253;;360
2024-06-26T17:59:28Z;305;;412
2024-06-26T17:59:30Z;249;;356
2024-06-26T18:00:04Z;;102;351
2024-06-26T18:00:11Z;51;;153
2024-06-26T18:03:35Z;57;;159
2024-06-26T18:06:49Z;55;;157
2024-06-26T18:06:51Z;50;;152
2024-06-26T18:15:04Z;;58;108
2024-06-26T18:15:09Z;-22;;36
2024-06-26T18:17:10Z;-9;;49
2024-06-26T18:17:11Z;-431;;-373
2024-06-26T18:23:49Z;0;;58
2024-06-26T18:23:57Z;0;;58
2024-06-26T18:24:04Z;0;;58
2024-06-26T18:24:18Z;0;;58
2024-06-26T18:24:21Z;0;;58
2024-06-26T18:24:27Z;0;;58
2024-06-26T18:24:35Z;-1;;57
2024-06-26T18:24:39Z;0;;58
2024-06-26T18:24:41Z;0;;58
2024-06-26T18:24:51Z;0;;58
2024-06-26T18:24:57Z;0;;58
2024-06-26T18:25:00Z;0;;58
2024-06-26T18:25:02Z;1;;59
2024-06-26T18:25:03Z;2;;60
2024-06-26T18:25:07Z;2;;60
2024-06-26T18:25:09Z;0;;58
2024-06-26T18:25:11Z;1;;59
2024-06-26T18:25:12Z;0;;58
2024-06-26T18:25:24Z;1;;59
2024-06-26T18:25:25Z;0;;58
2024-06-26T18:25:29Z;1;;59
2024-06-26T18:25:30Z;0;;58
2024-06-26T18:25:31Z;1;;59
2024-06-26T18:25:45Z;0;;58
2024-06-26T18:25:46Z;-4;;54
2024-06-26T18:25:47Z;2;;60
2024-06-26T18:25:49Z;0;;58
2024-06-26T18:25:50Z;2;;60
2024-06-26T18:25:51Z;1;;59
2024-06-26T18:25:56Z;1;;59
2024-06-26T18:25:58Z;0;;58
2024-06-26T18:25:59Z;1;;59
2024-06-26T18:26:02Z;0;;58
2024-06-26T18:26:03Z;2;;60
2024-06-26T18:26:05Z;2;;60
2024-06-26T18:26:09Z;0;;58
2024-06-26T18:26:10Z;1;;59
2024-06-26T18:26:13Z;0;;58
2024-06-26T18:26:14Z;1;;59
2024-06-26T18:26:27Z;0;;58
2024-06-26T18:26:28Z;1;;59
2024-06-26T18:26:29Z;0;;58
2024-06-26T18:26:30Z;1;;59
2024-06-26T18:26:46Z;0;;58
2024-06-26T18:26:47Z;1;;59
2024-06-26T18:26:48Z;0;;58
2024-06-26T18:26:50Z;1;;59
2024-06-26T18:26:51Z;1;;59
2024-06-26T18:26:53Z;3;;61
2024-06-26T18:26:57Z;1;;59
2024-06-26T18:26:59Z;2;;60
2024-06-26T18:27:03Z;2;;60
2024-06-26T18:27:05Z;1;;59
2024-06-26T18:27:07Z;0;;58
2024-06-26T18:27:08Z;1;;59
2024-06-26T18:27:33Z;0;;58
2024-06-26T18:27:34Z;1;;59
2024-06-26T18:27:46Z;0;;58
2024-06-26T18:27:47Z;4;;62
2024-06-26T18:27:51Z;0;;58
2024-06-26T18:27:52Z;3;;61
2024-06-26T18:27:58Z;0;;58
2024-06-26T18:27:59Z;3;;61
2024-06-26T18:28:06Z;0;;58
2024-06-26T18:28:07Z;2;;60
2024-06-26T18:28:40Z;0;;58
2024-06-26T18:28:41Z;4;;62
2024-06-26T18:28:48Z;0;;58
2024-06-26T18:28:49Z;3;;61
2024-06-26T18:28:52Z;0;;58
2024-06-26T18:28:53Z;3;;61
2024-06-26T18:29:22Z;0;;58
2024-06-26T18:29:23Z;4;;62
2024-06-26T18:29:30Z;0;;58
2024-06-26T18:29:31Z;3;;61
2024-06-26T18:29:33Z;6;;64
2024-06-26T18:29:35Z;2;;60
2024-06-26T18:30:04Z;;31;33
2024-06-26T18:30:10Z;4;;35
2024-06-26T18:30:11Z;0;;31
2024-06-26T18:30:12Z;4;;35
2024-06-26T18:30:16Z;0;;31
2024-06-26T18:30:17Z;5;;36
2024-06-26T18:30:24Z;0;;31
2024-06-26T18:30:25Z;5;;36
2024-06-26T18:30:28Z;0;;31
2024-06-26T18:30:29Z;5;;36
2024-06-26T18:37:54Z;;0;5
2024-06-26T18:37:56Z;;3;8
2024-06-26T18:37:58Z;;0;5
2024-06-26T18:37:59Z;;14;19
2024-06-26T18:38:01Z;-254;;-240
2024-06-26T18:38:03Z;21;;35
2024-06-26T18:43:19Z;;0;21
2024-06-26T18:43:21Z;;1;22
2024-06-26T18:43:23Z;;0;21
2024-06-26T18:43:27Z;;1;22
2024-06-26T18:43:29Z;;0;21
2024-06-26T18:43:34Z;;1;22
2024-06-26T18:43:36Z;;0;21
2024-06-26T18:45:04Z;;0;21
2024-06-26T18:45:09Z;36;;36
2024-06-26T18:51:52Z;169;;169
2024-06-26T18:51:53Z;170;;170
2024-06-26T19:00:04Z;;0;170
2024-06-26T19:00:09Z;158;;158
2024-06-26T19:15:04Z;;0;158
2024-06-26T19:15:09Z;39;;39
2024-06-26T19:30:04Z;;0;39
2024-06-26T19:30:09Z;40;;40
2024-06-26T19:45:04Z;;0;40
2024-06-26T19:45:09Z;39;;39
2024-06-26T19:50:03Z;534;;534
2024-06-26T19:50:04Z;175;;175
2024-06-26T20:00:04Z;;0;175
2024-06-26T20:00:09Z;162;;162
2024-06-26T20:15:04Z;;0;162
2024-06-26T20:15:09Z;39;;39
2024-06-26T20:30:04Z;;0;39
2024-06-26T20:30:09Z;39;;39
2024-06-26T20:45:04Z;;0;39
2024-06-26T20:45:09Z;39;;39
2024-06-26T20:51:42Z;1301;;1301
2024-06-26T20:51:43Z;179;;179
2024-06-26T21:00:04Z;;0;179
2024-06-26T21:00:09Z;161;;161
2024-06-26T21:15:09Z;40;;40
2024-06-26T21:30:04Z;;0;40
2024-06-26T21:30:11Z;41;;41
2024-06-26T21:45:04Z;;0;41
2024-06-26T21:45:09Z;39;;39
2024-06-26T21:53:48Z;1416;;1416
2024-06-26T21:53:49Z;182;;182
2024-06-26T22:00:04Z;;0;182
2024-06-26T22:00:09Z;163;;163
2024-06-26T22:15:04Z;;0;163
2024-06-26T22:15:09Z;40;;40
2024-06-26T22:30:04Z;;0;40
2024-06-26T22:30:09Z;40;;40
2024-06-26T22:45:04Z;;0;40
2024-06-26T22:45:09Z;41;;41
2024-06-26T23:00:04Z;;0;41
2024-06-26T23:00:09Z;163;;163
2024-06-26T23:15:04Z;;0;163
2024-06-26T23:15:09Z;40;;40
2024-06-26T23:30:04Z;;0;40
2024-06-26T23:30:09Z;40;;40
2024-06-26T23:45:04Z;;0;40
2024-06-26T23:45:09Z;40;;40